symbol,date,ret,month
AAPL,2000-01-31,-0.07314355127738781,2000-01-01
AAPL,2000-02-29,0.10482019011111499,2000-02-01
AAPL,2000-03-31,0.18484223825745727,2000-03-01
AAPL,2000-04-28,-0.08651724275961625,2000-04-01
AAPL,2000-05-31,-0.32292174192848244,2000-05-01
AAPL,2000-06-30,0.2470238826731217,2000-06-01
AAPL,2000-07-31,-0.029833275460571684,2000-07-01
AAPL,2000-08-31,0.19926242822790208,2000-08-01
AAPL,2000-09-29,-0.5774363718774589,2000-09-01
AAPL,2000-10-31,-0.24029123903123084,2000-10-01
AAPL,2000-11-30,-0.15654815040739234,2000-11-01
AAPL,2000-12-29,-0.09848544825329342,2000-12-01
AAPL,2001-01-31,0.4537827797043237,2001-01-01
AAPL,2001-02-28,-0.15606977911965791,2001-02-01
AAPL,2001-03-30,0.20931431680701795,2001-03-01
AAPL,2001-04-30,0.15496278464576574,2001-04-01
AAPL,2001-05-31,-0.21734074870878917,2001-05-01
AAPL,2001-06-29,0.16541451697182197,2001-06-01
AAPL,2001-07-31,-0.19182774674402758,2001-07-01
AAPL,2001-08-31,-0.012774001125695378,2001-08-01
AAPL,2001-09-28,-0.16388233417253995,2001-09-01
AAPL,2001-10-31,0.13217254695172964,2001-10-01
AAPL,2001-11-30,0.21298558570684256,2001-11-01
AAPL,2001-12-31,0.028167971748666476,2001-12-01
AAPL,2002-01-31,0.12876965050183742,2002-01-01
AAPL,2002-02-28,-0.12216952905139311,2002-02-01
AAPL,2002-03-28,0.09078485449115314,2002-03-01
AAPL,2002-04-30,0.025347912566695774,2002-04-01
AAPL,2002-05-31,-0.03996806555183485,2002-05-01
AAPL,2002-06-28,-0.2394833739724438,2002-06-01
AAPL,2002-07-31,-0.13882730984577674,2002-07-01
AAPL,2002-08-30,-0.03342022665830968,2002-08-01
AAPL,2002-09-30,-0.016947780866166218,2002-09-01
AAPL,2002-10-31,0.10827269317612864,2002-10-01
AAPL,2002-11-29,-0.035467658177333994,2002-11-01
AAPL,2002-12-31,-0.07548474909504999,2002-12-01
AAPL,2003-01-31,0.0020946900008296243,2003-01-01
AAPL,2003-02-28,0.04526438467337157,2003-02-01
AAPL,2003-03-31,-0.057962571327024204,2003-03-01
AAPL,2003-04-30,0.005659395864142436,2003-04-01
AAPL,2003-05-30,0.2623055650579704,2003-05-01
AAPL,2003-06-30,0.06183667868503462,2003-06-01
AAPL,2003-07-31,0.10598352813225254,2003-07-01
AAPL,2003-08-29,0.07257907616643888,2003-08-01
AAPL,2003-09-30,-0.08359119155662875,2003-09-01
AAPL,2003-10-31,0.10472945678995238,2003-10-01
AAPL,2003-11-28,-0.0864999136355532,2003-11-01
AAPL,2003-12-31,0.021998061119343326,2003-12-01
AAPL,2004-01-30,0.055685239945652,2004-01-01
AAPL,2004-02-27,0.06028430095942716,2004-02-01
AAPL,2004-03-31,0.1304345290502491,2004-03-01
AAPL,2004-04-30,-0.0465976125308597,2004-04-01
AAPL,2004-05-28,0.0884399922389596,2004-05-01
AAPL,2004-06-30,0.15965811171842836,2004-06-01
AAPL,2004-07-30,-0.006145974911585972,2004-07-01
AAPL,2004-08-31,0.06648185278260366,2004-08-01
AAPL,2004-09-30,0.12351324023088783,2004-09-01
AAPL,2004-10-29,0.3522584700985705,2004-10-01
AAPL,2004-11-30,0.2795796022382919,2004-11-01
AAPL,2004-12-31,-0.03952202385707815,2004-12-01
AAPL,2005-01-31,0.19409901302607535,2005-01-01
AAPL,2005-02-28,0.1667100129769421,2005-02-01
AAPL,2005-03-31,-0.07111007614935472,2005-03-01
AAPL,2005-04-29,-0.13462913952258293,2005-04-01
AAPL,2005-05-31,0.1026064660571624,2005-05-01
AAPL,2005-06-30,-0.07419483311044373,2005-06-01
AAPL,2005-07-29,0.15865207781553137,2005-07-01
AAPL,2005-08-31,0.09941388052769451,2005-08-01
AAPL,2005-09-30,0.14331432138513955,2005-09-01
AAPL,2005-10-31,0.07424012832585336,2005-10-01
AAPL,2005-11-30,0.17763436180908965,2005-11-01
AAPL,2005-12-30,0.060011833537807036,2005-12-01
AAPL,2006-01-31,0.05035491080437726,2006-01-01
AAPL,2006-02-28,-0.09296797598581619,2006-02-01
AAPL,2006-03-31,-0.08424584099252408,2006-03-01
AAPL,2006-04-28,0.1222896135120648,2006-04-01
AAPL,2006-05-31,-0.15087345689847498,2006-05-01
AAPL,2006-06-30,-0.04182723677599254,2006-06-01
AAPL,2006-07-31,0.1866597174719471,2006-07-01
AAPL,2006-08-31,-0.0016190087556434696,2006-08-01
AAPL,2006-09-29,0.13456215524266124,2006-09-01
AAPL,2006-10-31,0.053260548559471266,2006-10-01
AAPL,2006-11-30,0.13048831671024108,2006-11-01
AAPL,2006-12-29,-0.0744051920755936,2006-12-01
AAPL,2007-01-31,0.010490466812243415,2007-01-01
AAPL,2007-02-28,-0.013064258795505879,2007-02-01
AAPL,2007-03-30,0.09809677195980715,2007-03-01
AAPL,2007-04-30,0.07415803967323087,2007-04-01
AAPL,2007-05-31,0.21432810957832715,2007-05-01
AAPL,2007-06-29,0.007013744128574251,2007-06-01
AAPL,2007-07-31,0.07964618243696053,2007-07-01
AAPL,2007-08-31,0.05100197521964178,2007-08-01
AAPL,2007-09-28,0.10824628685343729,2007-09-01
AAPL,2007-10-31,0.23770203406067614,2007-10-01
AAPL,2007-11-30,-0.04069510868406612,2007-11-01
AAPL,2007-12-31,0.08703718074895539,2007-12-01
AAPL,2008-01-31,-0.31663961409378016,2008-01-01
AAPL,2008-02-29,-0.07638837278682509,2008-02-01
AAPL,2008-03-31,0.1478159884573722,2008-03-01
AAPL,2008-04-30,0.21219491736792784,2008-04-01
AAPL,2008-05-30,0.08508195520840811,2008-05-01
AAPL,2008-06-30,-0.11290077362342132,2008-06-01
AAPL,2008-07-31,-0.05070448685478368,2008-07-01
AAPL,2008-08-29,0.06656180696232461,2008-08-01
AAPL,2008-09-30,-0.3295581777238532,2008-09-01
AAPL,2008-10-31,-0.05340523256780316,2008-10-01
AAPL,2008-11-28,-0.13867438304853785,2008-11-01
AAPL,2008-12-31,-0.07899033672646072,2008-12-01
AAPL,2009-01-30,0.05600532204568509,2009-01-01
AAPL,2009-02-27,-0.009098314919518957,2009-02-01
AAPL,2009-03-31,0.17702414845626713,2009-03-01
AAPL,2009-04-30,0.1970124320227431,2009-04-01
AAPL,2009-05-29,0.07931326328539456,2009-05-01
AAPL,2009-06-30,0.048745199523165805,2009-06-01
AAPL,2009-07-31,0.1471594247996122,2009-07-01
AAPL,2009-08-31,0.029500103525911037,2009-08-01
AAPL,2009-09-30,0.10189633605529269,2009-09-01
AAPL,2009-10-30,0.016994974404107133,2009-10-01
AAPL,2009-11-30,0.06053044955842379,2009-11-01
AAPL,2009-12-31,0.054124448606272635,2009-12-01
AAPL,2010-01-29,-0.0885967495803276,2010-01-01
AAPL,2010-02-26,0.06539668768190765,2010-02-01
AAPL,2010-03-31,0.14846990639435598,2010-03-01
AAPL,2010-04-30,0.11102084511361143,2010-04-01
AAPL,2010-05-28,-0.016124077395718084,2010-05-01
AAPL,2010-06-30,-0.020827151658745158,2010-06-01
AAPL,2010-07-30,0.02274112900307146,2010-07-01
AAPL,2010-08-31,-0.05500513416535591,2010-08-01
AAPL,2010-09-30,0.16721462374848817,2010-09-01
AAPL,2010-10-29,0.06072291940172447,2010-10-01
AAPL,2010-11-30,0.03378974565471804,2010-11-01
AAPL,2010-12-31,0.03667058156475478,2010-12-01
AAPL,2011-01-31,0.05195942744662396,2011-01-01
AAPL,2011-02-28,0.040934476759581395,2011-02-01
AAPL,2011-03-31,-0.013306545234345935,2011-03-01
AAPL,2011-04-29,0.004648608729320491,2011-04-01
AAPL,2011-05-31,-0.006569187654050679,2011-05-01
AAPL,2011-06-30,-0.03495994894409349,2011-06-01
AAPL,2011-07-29,0.16328601388331876,2011-07-01
AAPL,2011-08-31,-0.014469674452330605,2011-08-01
AAPL,2011-09-30,-0.009120791221450819,2011-09-01
AAPL,2011-10-31,0.06152306554717857,2011-10-01
AAPL,2011-11-30,-0.055783411334343835,2011-11-01
AAPL,2011-12-30,0.05965434348161791,2011-12-01
AAPL,2012-01-31,0.1271113416293117,2012-01-01
AAPL,2012-02-29,0.18831027044440485,2012-02-01
AAPL,2012-03-30,0.10528394783062578,2012-03-01
AAPL,2012-04-30,-0.02596934596934597,2012-04-01
AAPL,2012-05-31,-0.010702760478136897,2012-05-01
AAPL,2012-06-29,0.010852877295109975,2012-06-01
AAPL,2012-07-31,0.045822193079056106,2012-07-01
AAPL,2012-08-31,0.0938768077809129,2012-08-01
AAPL,2012-09-28,0.002795851933529603,2012-09-01
AAPL,2012-10-31,-0.10759999897200456,2012-10-01
AAPL,2012-11-30,-0.012374659349684514,2012-11-01
AAPL,2012-12-31,-0.09074271510390697,2012-12-01
AAPL,2013-01-31,-0.14408935949542034,2013-01-01
AAPL,2013-02-28,-0.025286188567222645,2013-02-01
AAPL,2013-03-28,0.00285483501375694,2013-03-01
AAPL,2013-04-30,2.710846388138677e-4,2013-04-01
AAPL,2013-05-31,0.02241948612194289,2013-05-01
AAPL,2013-06-28,-0.11829355594180235,2013-06-01
AAPL,2013-07-31,0.14122534729635006,2013-07-01
AAPL,2013-08-30,0.08376686245490195,2013-08-01
AAPL,2013-09-30,-0.021488969136290836,2013-09-01
AAPL,2013-10-31,0.09638123590117154,2013-10-01
AAPL,2013-11-29,0.07005278647770097,2013-11-01
AAPL,2013-12-31,0.008901995550166575,2013-12-01
AAPL,2014-01-31,-0.10769656109579984,2014-01-01
AAPL,2014-02-28,0.05751080975502454,2014-02-01
AAPL,2014-03-31,0.019952543915862986,2014-03-01
AAPL,2014-04-30,0.09939674043188895,2014-04-01
AAPL,2014-05-30,0.07870920068550635,2014-05-01
AAPL,2014-06-30,0.027661850438180702,2014-06-01
AAPL,2014-07-31,0.028731205670569082,2014-07-01
AAPL,2014-08-29,0.07750889470969935,2014-08-01
AAPL,2014-09-30,-0.01707291177795245,2014-09-01
AAPL,2014-10-31,0.071959777075946807,2014-10-01
AAPL,2014-11-28,0.10597891140002558,2014-11-01
AAPL,2014-12-31,-0.07189107820368634,2014-12-01
AAPL,2015-01-30,0.061424396029847506,2015-01-01
AAPL,2015-02-27,0.10077642503702156,2015-02-01
AAPL,2015-03-31,-0.03137168937504864,2015-03-01
AAPL,2015-04-30,0.005786315905348838,2015-04-01
AAPL,2015-05-29,0.045339445213655516,2015-05-01
AAPL,2015-06-30,-0.037227636224910876,2015-06-01
AAPL,2015-07-31,-0.03292686912124354,2015-07-01
AAPL,2015-08-31,-0.06619623001646002,2015-08-01
AAPL,2015-09-30,-0.021815966196731984,2015-09-01
AAPL,2015-10-30,0.08340870637615394,2015-10-01
AAPL,2015-11-30,-0.005804124985689163,2015-11-01
AAPL,2015-12-31,-0.11022873848902404,2015-12-01
AAPL,2016-01-29,-0.07524196207081701,2016-01-01
AAPL,2016-02-29,-0.001287450796879197,2016-02-01
AAPL,2016-03-31,0.12721061415895973,2016-03-01
AAPL,2016-04-29,-0.13992120464498736,2016-04-01
AAPL,2016-05-31,0.07177278778632101,2016-05-01
AAPL,2016-06-30,-0.04265974584697074,2016-06-01
AAPL,2016-07-29,0.09006293284642664,2016-07-01
AAPL,2016-08-31,0.023651823908278358,2016-08-01
AAPL,2016-09-30,0.06550423961478136,2016-09-01
AAPL,2016-10-31,0.004334395475407593,2016-10-01
AAPL,2016-11-30,-0.021600779248254653,2016-11-01
AAPL,2016-12-30,0.0479550893433518,2016-12-01
AAPL,2017-01-31,0.04774647950895927,2017-01-01
AAPL,2017-02-28,0.13377754625922567,2017-02-01
AAPL,2017-03-31,0.04869012659968486,2017-03-01
AAPL,2017-04-28,-6.981857866628083e-5,2017-04-01
AAPL,2017-05-31,0.06780708573468885,2017-05-01
AAPL,2017-06-30,-0.05721350989596374,2017-06-01
AAPL,2017-07-31,0.03270373533345783,2017-07-01
AAPL,2017-08-31,0.10699898737941926,2017-08-01
AAPL,2017-09-29,-0.060243662509872564,2017-09-01
AAPL,2017-10-31,0.09680747659416378,2017-10-01
AAPL,2017-11-30,0.02027809667473046,2017-11-01
AAPL,2017-12-29,-0.015245912826350905,2017-12-01
AAPL,2018-01-31,-0.01063654726790808,2018-01-01
AAPL,2018-02-28,0.06818544533797621,2018-02-01
AAPL,2018-03-29,-0.05805064182192343,2018-03-01
AAPL,2018-04-30,-0.015019770663406984,2018-04-01
AAPL,2018-05-31,0.1351235521471148,2018-05-01
AAPL,2018-06-29,-0.009418041189644066,2018-06-01
AAPL,2018-07-31,0.027983250685078342,2018-07-01
AAPL,2018-08-31,0.20042196410358737,2018-08-01
AAPL,2018-09-28,-0.008302894918481352,2018-09-01
AAPL,2018-10-31,-0.030477349842192858,2018-10-01
AAPL,2018-11-30,-0.1811976114792896,2018-11-01
AAPL,2018-12-31,-0.11669867009318091,2018-12-01
AAPL,2019-01-31,0.05515423086045401,2019-01-01
AAPL,2019-02-28,0.044776568174246245,2019-02-01
AAPL,2019-03-29,0.09702545872274881,2019-03-01
AAPL,2019-04-30,0.05643621716315583,2019-04-01
AAPL,2019-05-31,-0.12421301265264062,2019-05-01
AAPL,2019-06-28,0.13051919522474553,2019-06-01
AAPL,2019-07-31,0.07639458279028744,2019-07-01
AAPL,2019-08-30,-0.016461289824954983,2019-08-01
AAPL,2019-09-30,0.07296165161180235,2019-09-01
AAPL,2019-10-31,0.11068438711520567,2019-10-01
AAPL,2019-11-29,0.07755420079101905,2019-11-01
AAPL,2019-12-31,0.09878392389169988,2019-12-01
AAPL,2020-01-31,0.05400981961383211,2020-01-01
AAPL,2020-02-28,-0.11470174070553885,2020-02-01
AAPL,2020-03-31,-0.069761280760121,2020-03-01
AAPL,2020-04-30,0.1553737279463483,2020-04-01
AAPL,2020-05-29,0.08509445979967656,2020-05-01
AAPL,2020-06-30,0.147386079177803,2020-06-01
AAPL,2020-07-31,0.16513158600193223,2020-07-01
AAPL,2020-08-31,0.21656958653221792,2020-08-01
AAPL,2020-09-30,-0.10252640019756531,2020-09-01
AAPL,2020-10-30,-0.06001218953627696,2020-10-01
AAPL,2020-11-30,0.09549332014283918,2020-11-01
AAPL,2020-12-31,0.11457382133769811,2020-12-01
AAPL,2021-01-29,-0.005501569744908119,2021-01-01
AAPL,2021-02-26,-0.07971219998449208,2021-02-01
AAPL,2021-03-31,0.007339785453918557,2021-03-01
AAPL,2021-04-30,0.0762179255540405,2021-04-01
AAPL,2021-05-28,-0.05049717783782226,2021-05-01
AAPL,2021-06-30,0.09910917921785733,2021-06-01
AAPL,2021-07-30,0.06498246898468829,2021-07-01
AAPL,2021-08-31,0.04248942823531232,2021-08-01
AAPL,2021-09-30,-0.06803707017673288,2021-09-01
AAPL,2021-10-29,0.05865748290482542,2021-10-01
AAPL,2021-11-30,0.10508167507423116,2021-11-01
AAPL,2021-12-31,0.07422880641075724,2021-12-01
AAPL,2022-01-31,-0.015712249526751654,2022-01-01
AAPL,2022-02-28,-0.05406603055365933,2022-02-01
AAPL,2022-03-31,0.05747361781221905,2022-03-01
AAPL,2022-04-29,-0.09713081837397763,2022-04-01
AAPL,2022-05-31,-0.054496180301449204,2022-05-01
AAPL,2022-06-30,-0.08142949802384902,2022-06-01
AAPL,2022-07-29,0.18863351475988366,2022-07-01
AAPL,2022-08-31,-0.031207946570395717,2022-08-01
AAPL,2022-09-30,-0.12097700412987422,2022-09-01
AAPL,2022-10-31,0.10955139246183188,2022-10-01
AAPL,2022-11-30,-0.03302754508805772,2022-11-01
AAPL,2022-12-30,-0.12227256698522504,2022-12-01
AAPL,2023-01-31,0.1105212868369474,2023-01-01
AAPL,2023-02-28,0.023182837615404628,2023-02-01
AAPL,2023-03-31,0.11864871975788116,2023-03-01
AAPL,2023-04-28,0.02898711958384692,2023-04-01
AAPL,2023-05-31,0.046058325569544145,2023-05-01
AAPL,2023-06-30,0.09433010442971845,2023-06-01
AAPL,2023-07-31,0.012785632087460863,2023-07-01
AAPL,2023-08-31,-0.04238392282532366,2023-08-01
AAPL,2023-09-29,-0.08867828355509644,2023-09-01
AAPL,2023-10-31,-0.0025699398781665606,2023-10-01
AAPL,2023-11-30,0.11378021625330237,2023-11-01
AAPL,2023-12-29,0.013582495082376633,2023-12-01
AAPL,2024-01-31,-0.04222733314775695,2024-01-01
AAPL,2024-02-29,-0.018543081080782287,2024-02-01
AAPL,2024-03-28,-0.051286294192801174,2024-03-01
AAPL,2024-04-30,-0.00670608405925377,2024-04-01
AAPL,2024-05-31,0.1302220565170391,2024-05-01
AAPL,2024-06-28,0.09555252910400047,2024-06-01
AAPL,2024-07-31,0.05441087070616413,2024-07-01
AAPL,2024-08-30,0.03235362501879746,2024-08-01
AAPL,2024-09-30,0.017467159713299152,2024-09-01
AAPL,2024-10-31,-0.030429211451309057,2024-10-01
AAPL,2024-11-29,0.051706953406033485,2024-11-01
AAPL,2024-12-30,0.0626553636058027,2024-12-01
MSFT,2000-01-31,-0.1603218352977407,2000-01-01
MSFT,2000-02-29,-0.0868455713667382,2000-02-01
MSFT,2000-03-31,0.18881146515643743,2000-03-01
MSFT,2000-04-28,-0.34352953019951626,2000-04-01
MSFT,2000-05-31,-0.10304680384232145,2000-05-01
MSFT,2000-06-30,0.2787214691865909,2000-06-01
MSFT,2000-07-31,-0.1273440830026007,2000-07-01
MSFT,2000-08-31,0,2000-08-01
MSFT,2000-09-29,-0.13607839441175695,2000-09-01
MSFT,2000-10-31,0.14196865924983504,2000-10-01
MSFT,2000-11-30,-0.166969050627506,2000-11-01
MSFT,2000-12-29,-0.24400848837186373,2000-12-01
MSFT,2001-01-31,0.4077811343171134,2001-01-01
MSFT,2001-02-28,-0.03377720326436595,2001-02-01
MSFT,2001-03-30,-0.07309303201739281,2001-03-01
MSFT,2001-04-30,0.2388570201927689,2001-04-01
MSFT,2001-05-31,0.02110668400898441,2001-05-01
MSFT,2001-06-29,0.05521848077798652,2001-06-01
MSFT,2001-07-31,-0.0932877776169837,2001-07-01
MSFT,2001-08-31,-0.13808736754595274,2001-08-01
MSFT,2001-09-28,-0.10306704707560632,2001-09-01
MSFT,2001-10-31,0.13640774657076848,2001-10-01
MSFT,2001-11-30,0.10421294226394129,2001-11-01
MSFT,2001-12-31,0.0317711153314173,2001-12-01
MSFT,2002-01-31,-0.038339738577988225,2002-01-01
MSFT,2002-02-28,-0.08428837324093641,2002-02-01
MSFT,2002-03-28,0.03376803173209986,2002-03-01
MSFT,2002-04-30,-0.13347737252016167,2002-04-01
MSFT,2002-05-31,-0.025832238273084673,2002-05-01
MSFT,2002-06-28,0.0744454531067884,2002-06-01
MSFT,2002-07-31,-0.12285173878356836,2002-07-01
MSFT,2002-08-30,0.022925290245048524,2002-08-01
MSFT,2002-09-30,-0.10880150243148279,2002-09-01
MSFT,2002-10-31,0.22245079725960903,2002-10-01
MSFT,2002-11-29,0.07873541731578815,2002-11-01
MSFT,2002-12-31,-0.10367537327865162,2002-12-01
MSFT,2003-01-31,-0.08201138884823511,2003-01-01
MSFT,2003-02-28,0.0019474400406092052,2003-02-01
MSFT,2003-03-31,0.021518904115382265,2003-03-01
MSFT,2003-04-30,0.056175180305994,2003-04-01
MSFT,2003-05-30,-0.037544472760835945,2003-05-01
MSFT,2003-06-30,0.041853252359650206,2003-06-01
MSFT,2003-07-31,0.030031263542470654,2003-07-01
MSFT,2003-08-29,0.004164665336004125,2003-08-01
MSFT,2003-09-30,0.04826570336669178,2003-09-01
MSFT,2003-10-31,-0.05443711755008518,2003-10-01
MSFT,2003-11-28,-0.016449973345267765,2003-11-01
MSFT,2003-12-31,0.06456632874185009,2003-12-01
MSFT,2004-01-30,0.01023054691092673,2004-01-01
MSFT,2004-02-27,-0.040506531878072516,2004-02-01
MSFT,2004-03-31,-0.06030897939824276,2004-03-01
MSFT,2004-04-30,0.0481345323134299,2004-04-01
MSFT,2004-05-28,0.0038269008301650143,2004-05-01
MSFT,2004-06-30,0.08883012325741557,2004-06-01
MSFT,2004-07-30,-0.0024513947037747563,2004-07-01
MSFT,2004-08-31,-0.03894185588361465,2004-08-01
MSFT,2004-09-30,0.012820228432127045,2004-09-01
MSFT,2004-10-29,0.011573208049198591,2004-10-01
MSFT,2004-11-30,0.06831737881052402,2004-11-01
MSFT,2004-12-31,-0.0033572580712213362,2004-12-01
MSFT,2005-01-31,-0.016467218386038818,2005-01-01
MSFT,2005-02-28,-0.03966347683071336,2005-02-01
MSFT,2005-03-31,-0.03934857317108309,2005-03-01
MSFT,2005-04-29,0.0467523076307772,2005-04-01
MSFT,2005-05-31,0.02299765149710198,2005-05-01
MSFT,2005-06-30,-0.0372096652378332,2005-06-01
MSFT,2005-07-29,0.030998493539072802,2005-07-01
MSFT,2005-08-31,0.0722849476665659,2005-08-01
MSFT,2005-09-30,-0.0602627585136668,2005-09-01
MSFT,2005-10-31,-0.0011662425101993668,2005-10-01
MSFT,2005-11-30,0.0802001975548956,2005-11-01
MSFT,2005-12-30,-0.05527472725278315,2005-12-01
MSFT,2006-01-31,0.0764816073157033,2006-01-01
MSFT,2006-02-28,-0.0422360141547512,2006-02-01
MSFT,2006-03-31,0.012653410994285741,2006-03-01
MSFT,2006-04-28,-0.11245903586433204,2006-04-01
MSFT,2006-05-31,-0.05845415929396558,2006-05-01
MSFT,2006-06-30,0.028697590920668148,2006-06-01
MSFT,2006-07-31,0.032617846648114845,2006-07-01
MSFT,2006-08-31,0.07209688533995195,2006-08-01
MSFT,2006-09-29,0.0642023585400402,2006-09-01
MSFT,2006-10-31,0.04972568636646946,2006-10-01
MSFT,2006-11-30,0.026136771652154334,2006-11-01
MSFT,2006-12-29,0.017029430939482948,2006-12-01
MSFT,2007-01-31,0.03348975194270709,2007-01-01
MSFT,2007-02-28,-0.08400238077631283,2007-02-01
MSFT,2007-03-30,-0.010650043744028004,2007-03-01
MSFT,2007-04-30,0.07427359264214073,2007-04-01
MSFT,2007-05-31,0.028370638481391097,2007-05-01
MSFT,2007-06-29,-0.03975235054268833,2007-06-01
MSFT,2007-07-31,-0.016287875669846796,2007-07-01
MSFT,2007-08-31,-0.005494827847663641,2007-08-01
MSFT,2007-09-28,0.025408908211895564,2007-09-01
MSFT,2007-10-31,0.2494910453243866,2007-10-01
MSFT,2007-11-30,-0.08418699429034426,2007-11-01
MSFT,2007-12-31,0.05952387117819047,2007-12-01
MSFT,2008-01-31,-0.08426974530361453,2008-01-01
MSFT,2008-02-29,-0.16240198508231918,2008-02-01
MSFT,2008-03-31,0.04338209788558833,2008-03-01
MSFT,2008-04-30,0.004932953571300747,2008-04-01
MSFT,2008-05-30,-0.0033565537748022622,2008-05-01
MSFT,2008-06-30,-0.028602166698893816,2008-06-01
MSFT,2008-07-31,-0.06506715720281975,2008-07-01
MSFT,2008-08-29,0.06527401549522094,2008-08-01
MSFT,2008-09-30,-0.021985824681284183,2008-09-01
MSFT,2008-10-31,-0.16335673044602583,2008-10-01
MSFT,2008-11-28,-0.0883580297684583,2008-11-01
MSFT,2008-12-31,-0.03857535191131167,2008-12-01
MSFT,2009-01-30,-0.12037083298824791,2009-01-01
MSFT,2009-02-27,-0.04908007053009089,2009-02-01
MSFT,2009-03-31,0.13746131907755021,2009-03-01
MSFT,2009-04-30,0.10288576477037092,2009-04-01
MSFT,2009-05-29,0.03764328198786937,2009-05-01
MSFT,2009-06-30,0.13786573187667206,2009-06-01
MSFT,2009-07-31,-0.010517226193868634,2009-07-01
MSFT,2009-08-31,0.053936358496405656,2009-08-01
MSFT,2009-09-30,0.043408310493289415,2009-09-01
MSFT,2009-10-30,0.07814866945295962,2009-10-01
MSFT,2009-11-30,0.06527248368450711,2009-11-01
MSFT,2009-12-31,0.03638212024667009,2009-12-01
MSFT,2010-01-29,-0.07545921103800213,2010-01-01
MSFT,2010-02-26,0.022145919977309303,2010-02-01
MSFT,2010-03-31,0.02162562211069341,2010-03-01
MSFT,2010-04-30,0.04267644947930038,2010-04-01
MSFT,2010-05-28,-0.1513945743852947,2010-05-01
MSFT,2010-06-30,-0.10813927348379904,2010-06-01
MSFT,2010-07-30,0.12168596651173913,2010-07-01
MSFT,2010-08-31,-0.0858116522030482,2010-08-01
MSFT,2010-09-30,0.04345932930595775,2010-09-01
MSFT,2010-10-29,0.08901628012915452,2010-10-01
MSFT,2010-11-30,-0.047048924206585796,2010-11-01
MSFT,2010-12-31,0.10490939209229033,2010-12-01
MSFT,2011-01-31,-0.006449524414620766,2011-01-01
MSFT,2011-02-28,-0.03580585656008817,2011-02-01
MSFT,2011-03-31,-0.04477031182982483,2011-03-01
MSFT,2011-04-29,0.02087415601652509,2011-04-01
MSFT,2011-05-31,-0.028783424280177994,2011-05-01
MSFT,2011-06-30,0.03958407230000205,2011-06-01
MSFT,2011-07-29,0.05384610900004816,2011-07-01
MSFT,2011-08-31,-0.02306981016334053,2011-08-01
MSFT,2011-09-30,-0.06428557636394283,2011-09-01
MSFT,2011-10-31,0.06990743138308853,2011-10-01
MSFT,2011-11-30,-0.03219587435476812,2011-11-01
MSFT,2011-12-30,0.01485548032492967,2011-12-01
MSFT,2012-01-31,0.1375190601256271,2012-01-01
MSFT,2012-02-29,0.08191515143467054,2012-02-01
MSFT,2012-03-30,0.01638304120304368,2012-03-01
MSFT,2012-04-30,-0.007439562283323431,2012-04-01
MSFT,2012-05-31,-0.08240012799287522,2012-05-01
MSFT,2012-06-29,0.04796127656083349,2012-06-01
MSFT,2012-07-31,-0.03661331483558572,2012-07-01
MSFT,2012-08-31,0.05273754752271986,2012-08-01
MSFT,2012-09-28,-0.03439313278833456,2012-09-01
MSFT,2012-10-31,-0.04099490263719707,2012-10-01
MSFT,2012-11-30,-0.05960945243722171,2012-11-01
MSFT,2012-12-31,0.003380638273316361,2012-12-01
MSFT,2013-01-31,0.02770552216875455,2013-01-01
MSFT,2013-02-28,0.021134971445282424,2013-02-01
MSFT,2013-03-28,0.0291372355879691,2013-03-01
MSFT,2013-04-30,0.15693794175861076,2013-04-01
MSFT,2013-05-31,0.06177437865609314,2013-05-01
MSFT,2013-06-28,-0.010315797884941302,2013-06-01
MSFT,2013-07-31,-0.07817002749640034,2013-07-01
MSFT,2013-08-30,0.056386742356716146,2013-08-01
MSFT,2013-09-30,-0.0035929657377126167,2013-09-01
MSFT,2013-10-31,0.06400269354967847,2013-10-01
MSFT,2013-11-29,0.08498133283197862,2013-11-01
MSFT,2013-12-31,-0.01888327595684447,2013-12-01
MSFT,2014-01-31,0.01149435238751928,2014-01-01
MSFT,2014-02-28,0.020012569987809092,2014-02-01
MSFT,2014-03-31,0.06995583847616071,2014-03-01
MSFT,2014-04-30,-0.014394248350781624,2014-04-01
MSFT,2014-05-30,0.02051559827736038,2014-05-01
MSFT,2014-06-30,0.01856397814967292,2014-06-01
MSFT,2014-07-31,0.035011548980725005,2014-07-01
MSFT,2014-08-29,0.05916942564679739,2014-08-01
MSFT,2014-09-30,0.020471078106669482,2014-09-01
MSFT,2014-10-31,0.012726787674837148,2014-10-01
MSFT,2014-11-28,0.02473996429410885,2014-11-01
MSFT,2014-12-31,-0.02844611288015031,2014-12-01
MSFT,2015-01-30,-0.13024767426640615,2015-01-01
MSFT,2015-02-27,0.09312026800490769,2015-02-01
MSFT,2015-03-31,-0.07274744605939776,2015-03-01
MSFT,2015-04-30,0.19626136463743094,2015-04-01
MSFT,2015-05-29,-0.03033440289033218,2015-05-01
MSFT,2015-06-30,-0.057831702037870136,2015-06-01
MSFT,2015-07-31,0.05775763345335405,2015-07-01
MSFT,2015-08-31,-0.06194901251321461,2015-08-01
MSFT,2015-09-30,0.017003898793242156,2015-09-01
MSFT,2015-10-30,0.18933552806884024,2015-10-01
MSFT,2015-11-30,0.03944410210813665,2015-11-01
MSFT,2015-12-31,0.02079120161450221,2015-12-01
MSFT,2016-01-29,-0.007029661431825263,2016-01-01
MSFT,2016-02-29,-0.06978929400148326,2016-02-01
MSFT,2016-03-31,0.08549555284766863,2016-03-01
MSFT,2016-04-29,-0.09704870148934353,2016-04-01
MSFT,2016-05-31,0.07019631701562523,2016-05-01
MSFT,2016-06-30,-0.03452836842874518,2016-06-01
MSFT,2016-07-29,0.10768052359100211,2016-07-01
MSFT,2016-08-31,0.02008003214769749,2016-08-01
MSFT,2016-09-30,0.002436287267471915,2016-09-01
MSFT,2016-10-31,0.04027765512994774,2016-10-01
MSFT,2016-11-30,0.012468263127628054,2016-11-01
MSFT,2016-12-30,0.031198291379164855,2016-12-01
MSFT,2017-01-31,0.04039251839071589,2017-01-01
MSFT,2017-02-28,-0.004363659597061087,2017-02-01
MSFT,2017-03-31,0.02938378892097937,2017-03-01
MSFT,2017-04-28,0.03947780333137274,2017-04-01
MSFT,2017-05-31,0.026005418719730722,2017-05-01
MSFT,2017-06-30,-0.013029771698960801,2017-06-01
MSFT,2017-07-31,0.05469314786217905,2017-07-01
MSFT,2017-08-31,0.033952481816702074,2017-08-01
MSFT,2017-09-29,-0.0037445194423043615,2017-09-01
MSFT,2017-10-31,0.11666022983161617,2017-10-01
MSFT,2017-11-30,0.01698333680472719,2017-11-01
MSFT,2017-12-29,0.016276719908786763,2017-12-01
MSFT,2018-01-31,0.11070837519169285,2018-01-01
MSFT,2018-02-28,-0.008415053116651028,2018-02-01
MSFT,2018-03-29,-0.026661120905884794,2018-03-01
MSFT,2018-04-30,0.024652211234023502,2018-04-01
MSFT,2018-05-31,0.06146734085516936,2018-05-01
MSFT,2018-06-29,-0.0023273142065854957,2018-06-01
MSFT,2018-07-31,0.0757532042394935,2018-07-01
MSFT,2018-08-31,0.06299283463700456,2018-08-01
MSFT,2018-09-28,0.01816091257457675,2018-09-01
MSFT,2018-10-31,-0.06610126280910178,2018-10-01
MSFT,2018-11-30,0.04268372429255707,2018-11-01
MSFT,2018-12-31,-0.08404715670562546,2018-12-01
MSFT,2019-01-31,0.028157676135341925,2019-01-01
MSFT,2019-02-28,0.0773575633489636,2019-02-01
MSFT,2019-03-29,0.052753880429088795,2019-03-01
MSFT,2019-04-30,0.10734265298232915,2019-04-01
MSFT,2019-05-31,-0.04948069266337851,2019-05-01
MSFT,2019-06-28,0.0831176572495862,2019-06-01
MSFT,2019-07-31,0.017244105608744675,2019-07-01
MSFT,2019-08-30,0.01503662600906952,2019-08-01
MSFT,2019-09-30,0.00848696585673614,2019-09-01
MSFT,2019-10-31,0.031216413694575396,2019-10-01
MSFT,2019-11-29,0.05946207132917691,2019-11-01
MSFT,2019-12-31,0.04174933434071182,2019-12-01
MSFT,2020-01-31,0.07945459024224455,2020-01-01
MSFT,2020-02-28,-0.04568850692867632,2020-02-01
MSFT,2020-03-31,-0.026541001707232614,2020-03-01
MSFT,2020-04-30,0.13632582075285216,2020-04-01
MSFT,2020-05-29,0.025391165515965985,2020-05-01
MSFT,2020-06-30,0.11055968438075303,2020-06-01
MSFT,2020-07-31,0.007370505994799492,2020-07-01
MSFT,2020-08-31,0.1027518841799493,2020-08-01
MSFT,2020-09-30,-0.06739681177793855,2020-09-01
MSFT,2020-10-30,-0.03736993538601974,2020-10-01
MSFT,2020-11-30,0.0600605488640491,2020-11-01
MSFT,2020-12-31,0.039005899543814504,2020-12-01
MSFT,2021-01-29,0.04289210739722815,2021-01-01
MSFT,2021-02-26,0.004117916122502674,2021-02-01
MSFT,2021-03-31,0.014588099074932526,2021-03-01
MSFT,2021-04-30,0.06960171721287578,2021-04-01
MSFT,2021-05-28,-0.007627334767249527,2021-05-01
MSFT,2021-06-30,0.08498869276698184,2021-06-01
MSFT,2021-07-30,0.051716572718323084,2021-07-01
MSFT,2021-08-31,0.06159115009157623,2021-08-01
MSFT,2021-09-30,-0.06611899394393672,2021-09-01
MSFT,2021-10-29,0.17629129620771322,2021-10-01
MSFT,2021-11-30,-0.0012823978288796223,2021-11-01
MSFT,2021-12-31,0.01733296836540288,2021-12-01
MSFT,2022-01-31,-0.07534527695627213,2022-01-01
MSFT,2022-02-28,-0.03721170773210358,2022-02-01
MSFT,2022-03-31,0.03186161251006703,2022-03-01
MSFT,2022-04-29,-0.09986704899626153,2022-04-01
MSFT,2022-05-31,-0.018077200379976732,2022-05-01
MSFT,2022-06-30,-0.05532043643275231,2022-06-01
MSFT,2022-07-29,0.09309668645231595,2022-07-01
MSFT,2022-08-31,-0.06666328601661453,2022-08-01
MSFT,2022-09-30,-0.10926679549887663,2022-09-01
MSFT,2022-10-31,-0.003306068787352734,2022-10-01
MSFT,2022-11-30,0.10222296032225531,2022-11-01
MSFT,2022-12-30,-0.06004531454427775,2022-12-01
MSFT,2023-01-31,0.03331655420630519,2023-01-01
MSFT,2023-02-28,0.009017808096282609,2023-02-01
MSFT,2023-03-31,0.1558818591507849,2023-03-01
MSFT,2023-04-28,0.06576482773777581,2023-04-01
MSFT,2023-05-31,0.07110563749587961,2023-05-01
MSFT,2023-06-30,0.03699841225015854,2023-06-01
MSFT,2023-07-31,-0.013566502414157133,2023-07-01
MSFT,2023-08-31,-0.022225901496469747,2023-08-01
MSFT,2023-09-29,-0.03664255281965445,2023-09-01
MSFT,2023-10-31,0.07081527849806979,2023-10-01
MSFT,2023-11-30,0.12294551274738397,2023-11-01
MSFT,2023-12-29,-0.007574241999980913,2023-12-01
MSFT,2024-01-31,0.05728110668979003,2024-01-01
MSFT,2024-02-29,0.04231831570602629,2024-02-01
MSFT,2024-03-28,0.01711631774729616,2024-03-01
MSFT,2024-04-30,-0.07461026812860594,2024-04-01
MSFT,2024-05-31,0.06819106600607316,2024-05-01
MSFT,2024-06-28,0.07665068518104157,2024-06-01
MSFT,2024-07-31,-0.06398934293795588,2024-07-01
MSFT,2024-08-30,-0.0010950909681941567,2024-08-01
MSFT,2024-09-30,0.0315481067383061,2024-09-01
MSFT,2024-10-31,-0.055658843747782405,2024-10-01
MSFT,2024-11-29,0.044192469968811876,2024-11-01
MSFT,2024-12-30,0.0032353630943291467,2024-12-01
JNJ,2000-01-31,-0.06644061576748495,2000-01-01
JNJ,2000-02-29,-0.1603843543873893,2000-02-01
JNJ,2000-03-31,-0.02430644648957414,2000-03-01
JNJ,2000-04-28,0.17437727929614155,2000-04-01
JNJ,2000-05-31,0.0887861120973008,2000-05-01
JNJ,2000-06-30,0.13826772501610485,2000-06-01
JNJ,2000-07-31,-0.08650311439925573,2000-07-01
JNJ,2000-08-31,-0.008650038187560272,2000-08-01
JNJ,2000-09-29,0.021580254170523006,2000-09-01
JNJ,2000-10-31,-0.019295197187028323,2000-10-01
JNJ,2000-11-30,0.0891823051838112,2000-11-01
JNJ,2000-12-29,0.05062459576743672,2000-12-01
JNJ,2001-01-31,-0.11357487749294237,2001-01-01
JNJ,2001-02-28,0.048606782267273774,2001-02-01
JNJ,2001-03-30,-0.10130511915190954,2001-03-01
JNJ,2001-04-30,0.10300663896307882,2001-04-01
JNJ,2001-05-31,0.008477630714465167,2001-05-01
JNJ,2001-06-29,0.0306346029999236,2001-06-01
JNJ,2001-07-31,0.08286628321073519,2001-07-01
JNJ,2001-08-31,-0.022487654213513508,2001-08-01
JNJ,2001-09-28,0.0510336130539657,2001-09-01
JNJ,2001-10-31,0.04530702464324743,2001-10-01
JNJ,2001-11-30,0.00889806653362113,2001-11-01
JNJ,2001-12-31,0.014591742328627477,2001-12-01
JNJ,2002-01-31,-0.026903131606197284,2002-01-01
JNJ,2002-02-28,0.06223804158524748,2002-02-01
JNJ,2002-03-28,0.0665018521868268,2002-03-01
JNJ,2002-04-30,-0.016781946437607664,2002-04-01
JNJ,2002-05-31,-0.036041083251498685,2002-05-01
JNJ,2002-06-28,-0.14816649224624112,2002-06-01
JNJ,2002-07-31,0.006505794352187344,2002-07-01
JNJ,2002-08-30,0.0363053808441669,2002-08-01
JNJ,2002-09-30,-0.004234720688246485,2002-09-01
JNJ,2002-10-31,0.08635385069859569,2002-10-01
JNJ,2002-11-29,-0.026145026164740126,2002-11-01
JNJ,2002-12-31,-0.058050210127303825,2002-12-01
JNJ,2003-01-31,-0.0018613000568923344,2003-01-01
JNJ,2003-02-28,-0.01761006246319685,2003-02-01
JNJ,2003-03-31,0.10333596426973157,2003-03-01
JNJ,2003-04-30,-0.026092176836858605,2003-04-01
JNJ,2003-05-30,-0.03147115361703845,2003-05-01
JNJ,2003-06-30,-0.048758003673625594,2003-06-01
JNJ,2003-07-31,0.0017408533512728308,2003-07-01
JNJ,2003-08-29,-0.038145992148974184,2003-08-01
JNJ,2003-09-30,-0.001210528623028062,2003-09-01
JNJ,2003-10-31,0.016357415188959612,2003-10-01
JNJ,2003-11-28,-0.015772753247964455,2003-11-01
JNJ,2003-12-31,0.047870318793306055,2003-12-01
JNJ,2004-01-30,0.03406875548741484,2004-01-01
JNJ,2004-02-27,0.013624441014756572,2004-02-01
JNJ,2004-03-31,-0.05917312721613155,2004-03-01
JNJ,2004-04-30,0.06526073660808285,2004-04-01
JNJ,2004-05-28,0.03647094379806126,2004-05-01
JNJ,2004-06-30,-1.7884666870404686e-4,2004-06-01
JNJ,2004-07-30,-0.007720006192593609,2004-07-01
JNJ,2004-08-31,0.05655148563084067,2004-08-01
JNJ,2004-09-30,-0.030465116520411395,2004-09-01
JNJ,2004-10-29,0.03639286284329635,2004-10-01
JNJ,2004-11-30,0.0381127608445444,2004-11-01
JNJ,2004-12-31,0.05139264892980755,2004-12-01
JNJ,2005-01-31,0.02018328647010459,2005-01-01
JNJ,2005-02-28,0.018298741775316207,2005-02-01
JNJ,2005-03-31,0.02378032281829756,2005-03-01
JNJ,2005-04-29,0.021888381469552964,2005-04-01
JNJ,2005-05-31,-0.017501037344717085,2005-05-01
JNJ,2005-06-30,-0.03129665975329976,2005-06-01
JNJ,2005-07-29,-0.015999725350621885,2005-07-01
JNJ,2005-08-31,-0.003795287853897711,2005-08-01
JNJ,2005-09-30,-0.0017351964032633616,2005-09-01
JNJ,2005-10-31,-0.010430045111042174,2005-10-01
JNJ,2005-11-30,-0.008728542204087475,2005-11-01
JNJ,2005-12-30,-0.026720821894187008,2005-12-01
JNJ,2006-01-31,-0.04259571052444844,2006-01-01
JNJ,2006-02-28,0.007586754060426415,2006-02-01
JNJ,2006-03-31,0.027233360929831196,2006-03-01
JNJ,2006-04-28,-0.01030048905468417,2006-04-01
JNJ,2006-05-31,0.03384755538777373,2006-05-01
JNJ,2006-06-30,-0.004981782280356284,2006-06-01
JNJ,2006-07-31,0.04389176504600756,2006-07-01
JNJ,2006-08-31,0.03973092043621684,2006-08-01
JNJ,2006-09-29,0.004330786816237886,2006-09-01
JNJ,2006-10-31,0.037880846312336125,2006-10-01
JNJ,2006-11-30,-0.016583586248212656,2006-11-01
JNJ,2006-12-29,0.0016688980900754213,2006-12-01
JNJ,2007-01-31,0.011814660358738793,2007-01-01
JNJ,2007-02-28,-0.052448972896388835,2007-02-01
JNJ,2007-03-30,-0.04242788872550696,2007-03-01
JNJ,2007-04-30,0.06571507008915578,2007-04-01
JNJ,2007-05-31,-0.008342980349407836,2007-05-01
JNJ,2007-06-29,-0.026079225859836352,2007-06-01
JNJ,2007-07-31,-0.018175430949658677,2007-07-01
JNJ,2007-08-31,0.02819206490244297,2007-08-01
JNJ,2007-09-28,0.06327893728031775,2007-09-01
JNJ,2007-10-31,-0.008067260572900303,2007-10-01
JNJ,2007-11-30,0.045900351561517505,2007-11-01
JNJ,2007-12-31,-0.015352986766160592,2007-12-01
JNJ,2008-01-31,-0.05337332164535491,2008-01-01
JNJ,2008-02-29,-0.012179844279750718,2008-02-01
JNJ,2008-03-31,0.046966174815813666,2008-03-01
JNJ,2008-04-30,0.034222213648221755,2008-04-01
JNJ,2008-05-30,0.0017941204102756014,2008-05-01
JNJ,2008-06-30,-0.035960670033883035,2008-06-01
JNJ,2008-07-31,0.06419051299887646,2008-07-01
JNJ,2008-08-29,0.03530682270618213,2008-08-01
JNJ,2008-09-30,-0.01632781855597132,2008-09-01
JNJ,2008-10-31,-0.11460775115826971,2008-10-01
JNJ,2008-11-28,-0.03705860154299834,2008-11-01
JNJ,2008-12-31,0.021339024732173195,2008-12-01
JNJ,2009-01-30,-0.03576805699898533,2009-01-01
JNJ,2009-02-27,-0.1261113397241005,2009-02-01
JNJ,2009-03-31,0.05199970523424757,2009-03-01
JNJ,2009-04-30,-0.004562607985781786,2009-04-01
JNJ,2009-05-29,0.06279710675533656,2009-05-01
JNJ,2009-06-30,0.02973167148489364,2009-06-01
JNJ,2009-07-31,0.07200679863374893,2009-07-01
JNJ,2009-08-31,6.543596947550245e-4,2009-08-01
JNJ,2009-09-30,0.0074453268236676085,2009-09-01
JNJ,2009-10-30,-0.030218321923961566,2009-10-01
JNJ,2009-11-30,0.07260142516869172,2009-11-01
JNJ,2009-12-31,0.024984199616171265,2009-12-01
JNJ,2010-01-29,-0.024064636659540506,2010-01-01
JNJ,2010-02-26,0.009895890276869324,2010-02-01
JNJ,2010-03-31,0.03492038181086965,2010-03-01
JNJ,2010-04-30,-0.013803730214297705,2010-04-01
JNJ,2010-05-28,-0.08503086843753116,2010-05-01
JNJ,2010-06-30,0.013035636990954558,2010-06-01
JNJ,2010-07-30,-0.016423508065040893,2010-07-01
JNJ,2010-08-31,-0.009163046275793563,2010-08-01
JNJ,2010-09-30,0.08663662813926676,2010-09-01
JNJ,2010-10-29,0.028727809136016136,2010-10-01
JNJ,2010-11-30,-0.026048328715050473,2010-11-01
JNJ,2010-12-31,0.004874441944730634,2010-12-01
JNJ,2011-01-31,-0.033630003413652965,2011-01-01
JNJ,2011-02-28,0.037236666382319816,2011-02-01
JNJ,2011-03-31,-0.03564416219209998,2011-03-01
JNJ,2011-04-29,0.10919809711198636,2011-04-01
JNJ,2011-05-31,0.03276964073801181,2011-05-01
JNJ,2011-06-30,-0.011443351168899718,2011-06-01
JNJ,2011-07-29,-0.026007050089546402,2011-07-01
JNJ,2011-08-31,0.024636586275524452,2011-08-01
JNJ,2011-09-30,-0.032066436386255726,2011-09-01
JNJ,2011-10-31,0.010990549219653811,2011-10-01
JNJ,2011-11-30,0.014453198906549947,2011-11-01
JNJ,2011-12-30,0.01328760026439424,2011-12-01
JNJ,2012-01-31,0.005032016473674572,2012-01-01
JNJ,2012-02-29,-0.003870893386721641,2012-02-01
JNJ,2012-03-30,0.013521572519631153,2012-03-01
JNJ,2012-04-30,-0.013038242668089839,2012-04-01
JNJ,2012-05-31,-0.0316775578186993,2012-05-01
JNJ,2012-06-29,0.08217178836080041,2012-06-01
JNJ,2012-07-31,0.024570775622442698,2012-07-01
JNJ,2012-08-31,-0.017007868541395355,2012-08-01
JNJ,2012-09-28,0.02194903471554399,2012-09-01
JNJ,2012-10-31,0.027716801248488743,2012-10-01
JNJ,2012-11-30,-0.006683976435504779,2012-11-01
JNJ,2012-12-31,0.005306061493711045,2012-12-01
JNJ,2013-01-31,0.05449399771255092,2013-01-01
JNJ,2013-02-28,0.03786235425286599,2013-02-01
JNJ,2013-03-28,0.07121237058117624,2013-03-01
JNJ,2013-04-30,0.04538235236259869,2013-04-01
JNJ,2013-05-31,-0.004895056523698815,2013-05-01
JNJ,2013-06-28,0.019957328102808924,2013-06-01
JNJ,2013-07-31,0.088981757583809,2013-07-01
JNJ,2013-08-30,-0.06886581514476586,2013-08-01
JNJ,2013-09-30,0.00324057109004805,2013-09-01
JNJ,2013-10-31,0.06828919511863885,2013-10-01
JNJ,2013-11-29,0.029271672611707267,2013-11-01
JNJ,2013-12-31,-0.03243176633636746,2013-12-01
JNJ,2014-01-31,-0.03406507603569531,2014-01-01
JNJ,2014-02-28,0.04875007896610262,2014-02-01
JNJ,2014-03-31,0.06632599985352017,2014-03-01
JNJ,2014-04-30,0.031151430253852253,2014-04-01
JNJ,2014-05-30,0.008659434808590216,2014-05-01
JNJ,2014-06-30,0.031145330997482512,2014-06-01
JNJ,2014-07-31,-0.04329954015552229,2014-07-01
JNJ,2014-08-29,0.043377315715934506,2014-08-01
JNJ,2014-09-30,0.027571064914542198,2014-09-01
JNJ,2014-10-31,0.011164586859083947,2014-10-01
JNJ,2014-11-28,0.0109019897571756,2014-11-01
JNJ,2014-12-31,-0.03399506775154737,2014-12-01
JNJ,2015-01-30,-0.042364119055546934,2015-01-01
JNJ,2015-02-27,0.030832245738614095,2015-02-01
JNJ,2015-03-31,-0.018632240397474686,2015-03-01
JNJ,2015-04-30,-0.013916679311799851,2015-04-01
JNJ,2015-05-29,0.016837239804424975,2015-05-01
JNJ,2015-06-30,-0.026762364334841915,2015-06-01
JNJ,2015-07-31,0.02821676258992034,2015-07-01
JNJ,2015-08-31,-0.05499527045811714,2015-08-01
JNJ,2015-09-30,-0.006703732299669585,2015-09-01
JNJ,2015-10-30,0.08227129292981905,2015-10-01
JNJ,2015-11-30,0.009465858754599044,2015-11-01
JNJ,2015-12-31,0.014618646764114951,2015-12-01
JNJ,2016-01-29,0.016744650549842532,2016-01-01
JNJ,2016-02-29,0.01467301620746464,2016-02-01
JNJ,2016-03-31,0.028419218426864568,2016-03-01
JNJ,2016-04-29,0.035859393772892156,2016-04-01
JNJ,2016-05-31,0.012621100499601301,2016-05-01
JNJ,2016-06-30,0.07640423527647999,2016-06-01
JNJ,2016-07-29,0.03239949507582596,2016-07-01
JNJ,2016-08-31,-0.0406764863862612,2016-08-01
JNJ,2016-09-30,-0.010139175685914492,2016-09-01
JNJ,2016-10-31,-0.01811549885053143,2016-10-01
JNJ,2016-11-30,-0.033803747561505504,2016-11-01
JNJ,2016-12-30,0.03513018416689051,2016-12-01
JNJ,2017-01-31,-0.01701195536883271,2017-01-01
JNJ,2017-02-28,0.08625709002711002,2017-02-01
JNJ,2017-03-31,0.019147475740077136,2017-03-01
JNJ,2017-04-28,-0.00867110504436408,2017-04-01
JNJ,2017-05-31,0.04560187635608415,2017-05-01
JNJ,2017-06-30,0.03150102320473147,2017-06-01
JNJ,2017-07-31,0.003250289663927486,2017-07-01
JNJ,2017-08-31,0.0037073254562187685,2017-08-01
JNJ,2017-09-29,-0.01782881925854618,2017-09-01
JNJ,2017-10-31,0.07230220403553611,2017-10-01
JNJ,2017-11-30,0.005546387398164709,2017-11-01
JNJ,2017-12-29,0.0027993247504720653,2017-12-01
JNJ,2018-01-31,-0.010950776415063479,2018-01-01
JNJ,2018-02-28,-0.054116161382357086,2018-02-01
JNJ,2018-03-29,-0.013319892618636087,2018-03-01
JNJ,2018-04-30,-0.0129535532329208,2018-04-01
JNJ,2018-05-31,-0.04729874861926597,2018-05-01
JNJ,2018-06-29,0.014378824411561242,2018-06-01
JNJ,2018-07-31,0.09213772629180439,2018-07-01
JNJ,2018-08-31,0.023148414672698348,2018-08-01
JNJ,2018-09-28,0.025837115184869308,2018-09-01
JNJ,2018-10-31,0.013172234800527427,2018-10-01
JNJ,2018-11-30,0.05604280342981549,2018-11-01
JNJ,2018-12-31,-0.12151131268228132,2018-12-01
JNJ,2019-01-31,0.031228258814097076,2019-01-01
JNJ,2019-02-28,0.033560814319481214,2019-02-01
JNJ,2019-03-29,0.023052936418255232,2019-03-01
JNJ,2019-04-30,0.010086902545002996,2019-04-01
JNJ,2019-05-31,-0.06482062666239807,2019-05-01
JNJ,2019-06-28,0.06199044706158641,2019-06-01
JNJ,2019-07-31,-0.06504880512152278,2019-07-01
JNJ,2019-08-30,-0.006897364380816007,2019-08-01
JNJ,2019-09-30,0.007946408308978636,2019-09-01
JNJ,2019-10-31,0.020559537076119128,2019-10-01
JNJ,2019-11-29,0.048489500615264136,2019-11-01
JNJ,2019-12-31,0.06094979835980263,2019-12-01
JNJ,2020-01-31,0.0205666139291778,2020-01-01
JNJ,2020-02-28,-0.09090117702444145,2020-02-01
JNJ,2020-03-31,-0.02491103806198336,2020-03-01
JNJ,2020-04-30,0.14420790826288754,2020-04-01
JNJ,2020-05-29,-0.0017249817770345066,2020-05-01
JNJ,2020-06-30,-0.054588246067848734,2020-06-01
JNJ,2020-07-31,0.03647858083392874,2020-07-01
JNJ,2020-08-31,0.0594888059680625,2020-08-01
JNJ,2020-09-30,-0.029528700167829602,2020-09-01
JNJ,2020-10-30,-0.07905712337515058,2020-10-01
JNJ,2020-11-30,0.06254329768418221,2020-11-01
JNJ,2020-12-31,0.08777991702731125,2020-12-01
JNJ,2021-01-29,0.036536130928393584,2021-01-01
JNJ,2021-02-26,-0.02257015688280728,2021-02-01
JNJ,2021-03-31,0.0371699935410037,2021-03-01
JNJ,2021-04-30,-0.009857051252819549,2021-04-01
JNJ,2021-05-28,0.04655529251321755,2021-05-01
JNJ,2021-06-30,-0.026646893543820216,2021-06-01
JNJ,2021-07-30,0.04528333704202914,2021-07-01
JNJ,2021-08-31,0.011375183337620998,2021-08-01
JNJ,2021-09-30,-0.0671748767402075,2021-09-01
JNJ,2021-10-29,0.008544855248177052,2021-10-01
JNJ,2021-11-30,-0.03639894680521827,2021-11-01
JNJ,2021-12-31,0.09709464054871142,2021-12-01
JNJ,2022-01-31,0.007131834288174321,2022-01-01
JNJ,2022-02-28,-0.03867668378150302,2022-02-01
JNJ,2022-03-31,0.0769276266989527,2022-03-01
JNJ,2022-04-29,0.01822523166458212,2022-04-01
JNJ,2022-05-31,0.001239445541513673,2022-05-01
JNJ,2022-06-30,-0.011251917041735338,2022-06-01
JNJ,2022-07-29,-0.016844005666471595,2022-07-01
JNJ,2022-08-31,-0.06930995831068176,2022-08-01
JNJ,2022-09-30,0.012520214615298064,2022-09-01
JNJ,2022-10-31,0.06494849870200325,2022-10-01
JNJ,2022-11-30,0.029769196581797885,2022-11-01
JNJ,2022-12-30,-0.00758452762090589,2022-12-01
JNJ,2023-01-31,-0.07489373248325093,2023-01-01
JNJ,2023-02-28,-0.05542589194716241,2023-02-01
JNJ,2023-03-31,0.011353514596236236,2023-03-01
JNJ,2023-04-28,0.056128991265948835,2023-04-01
JNJ,2023-05-31,-0.04563294474201596,2023-05-01
JNJ,2023-06-30,0.06745799715532064,2023-06-01
JNJ,2023-07-31,0.012143369603302201,2023-07-01
JNJ,2023-08-31,-0.027912190936597914,2023-08-01
JNJ,2023-09-29,-0.03667719050755647,2023-09-01
JNJ,2023-10-31,-0.047576240226955835,2023-10-01
JNJ,2023-11-30,0.05095402057046994,2023-11-01
JNJ,2023-12-29,0.013448886015313688,2023-12-01
JNJ,2024-01-31,0.013780814261850738,2024-01-01
JNJ,2024-02-29,0.023318515444666232,2024-02-01
JNJ,2024-03-28,-0.01976708691778195,2024-03-01
JNJ,2024-04-30,-0.085972754275502,2024-04-01
JNJ,2024-05-31,0.022585232512379205,2024-05-01
JNJ,2024-06-28,-0.003477007522875275,2024-06-01
JNJ,2024-07-31,0.07998071496320325,2024-07-01
JNJ,2024-08-30,0.05871986813414587,2024-08-01
JNJ,2024-09-30,-0.022910991270394088,2024-09-01
JNJ,2024-10-31,-0.013575181864957986,2024-10-01
JNJ,2024-11-29,-0.02255869929892229,2024-11-01
JNJ,2024-12-30,-0.07528555646646096,2024-12-01
XOM,2000-01-31,0.05825988420275219,2000-01-01
XOM,2000-02-29,-0.08615755492371657,2000-02-01
XOM,2000-03-31,0.03568411785507042,2000-03-01
XOM,2000-04-28,-0.00400604655686676,2000-04-01
XOM,2000-05-31,0.07822595028689516,2000-05-01
XOM,2000-06-30,-0.05776422862662112,2000-06-01
XOM,2000-07-31,0.021497146033249814,2000-07-01
XOM,2000-08-31,0.023677896527575903,2000-08-01
XOM,2000-09-29,0.091482603526373385,2000-09-01
XOM,2000-10-31,8.77275408722511e-4,2000-10-01
XOM,2000-11-30,-0.008503963172704077,2000-11-01
XOM,2000-12-29,-0.012074591602929341,2000-12-01
XOM,2001-01-31,-0.03206320991621514,2001-01-01
XOM,2001-02-28,-0.031787605194455115,2001-02-01
XOM,2001-03-30,-6.164966482570255e-4,2001-03-01
XOM,2001-04-30,0.0938268674487377,2001-04-01
XOM,2001-05-31,0.0066293454613177705,2001-05-01
XOM,2001-06-29,-0.015552837389901542,2001-06-01
XOM,2001-07-31,-0.04384668736486219,2001-07-01
XOM,2001-08-31,-0.03316282503176993,2001-08-01
XOM,2001-09-28,-0.0186798146955941,2001-09-01
XOM,2001-10-31,0.0012688030446954546,2001-10-01
XOM,2001-11-30,-0.04640772310905639,2001-11-01
XOM,2001-12-31,0.05080202808763201,2001-12-01
XOM,2002-01-31,-0.006361295776151299,2002-01-01
XOM,2002-02-28,0.06390596479494914,2002-02-01
XOM,2002-03-28,0.0612590942712008,2002-03-01
XOM,2002-04-30,-0.08350453835163452,2002-04-01
XOM,2002-05-31,-2.2760769349583487e-4,2002-05-01
XOM,2002-06-28,0.024793429087097918,2002-06-01
XOM,2002-07-31,-0.10166147955423821,2002-07-01
XOM,2002-08-30,-0.02943532345690303,2002-08-01
XOM,2002-09-30,-0.10014173436994622,2002-09-01
XOM,2002-10-31,0.05517238596104801,2002-10-01
XOM,2002-11-29,0.04068546815554308,2002-11-01
XOM,2002-12-31,0.00402329735400353,2002-12-01
XOM,2003-01-31,-0.02261054299073162,2003-01-01
XOM,2003-02-28,0.0029522560249579666,2003-02-01
XOM,2003-03-31,0.02733706933824598,2003-03-01
XOM,2003-04-30,0.00715327710606628,2003-04-01
XOM,2003-05-30,0.04145801241634417,2003-05-01
XOM,2003-06-30,-0.013461633690066366,2003-06-01
XOM,2003-07-31,-0.00918933899802643,2003-07-01
XOM,2003-08-29,0.0668871847182706,2003-08-01
XOM,2003-09-30,-0.029177468918615723,2003-09-01
XOM,2003-10-31,-5.466339724126135e-4,2003-10-01
XOM,2003-11-28,-0.0034523830302537473,2003-11-01
XOM,2003-12-31,0.13259704029887454,2003-12-01
XOM,2004-01-30,-0.005121750458295327,2004-01-01
XOM,2004-02-27,0.04025123759454119,2004-02-01
XOM,2004-03-31,-0.013754076142594274,2004-03-01
XOM,2004-04-30,0.023082596089424534,2004-04-01
XOM,2004-05-28,0.023019853576313087,2004-05-01
XOM,2004-06-30,0.026821090181346374,2004-06-01
XOM,2004-07-30,0.04255764892393321,2004-07-01
XOM,2004-08-31,0.0016519978364759602,2004-08-01
XOM,2004-09-30,0.048373270443986316,2004-09-01
XOM,2004-10-29,0.018414844343987102,2004-10-01
XOM,2004-11-30,0.04687752204636131,2004-11-01
XOM,2004-12-31,1.946974266686663e-4,2004-12-01
XOM,2005-01-31,0.006632792189529058,2005-01-01
XOM,2005-02-28,0.23294749061776598,2005-02-01
XOM,2005-03-31,-0.05860107426640737,2005-03-01
XOM,2005-04-29,-0.043120238293265056,2005-04-01
XOM,2005-05-31,-0.00953439746106699,2005-05-01
XOM,2005-06-30,0.022597160210760858,2005-06-01
XOM,2005-07-29,0.02227282065791214,2005-07-01
XOM,2005-08-31,0.02457163554121733,2005-08-01
XOM,2005-09-30,0.06076783497708971,2005-09-01
XOM,2005-10-31,-0.11646235548384143,2005-10-01
XOM,2005-11-30,0.03894237343885054,2005-11-01
XOM,2005-12-30,-0.03205238500874341,2005-12-01
XOM,2006-01-31,0.11714527583678658,2006-01-01
XOM,2006-02-28,-0.04883861845844473,2006-02-01
XOM,2006-03-31,0.025097225529577827,2006-03-01
XOM,2006-04-28,0.036477113977470665,2006-04-01
XOM,2006-05-31,-0.029543689700784914,2006-05-01
XOM,2006-06-30,0.007223884765793276,2006-06-01
XOM,2006-07-31,0.10415588155337341,2006-07-01
XOM,2006-08-31,0.0036014504105650325,2006-08-01
XOM,2006-09-29,-0.00842291231630643,2006-09-01
XOM,2006-10-31,0.06438144240962651,2006-10-01
XOM,2006-11-30,0.08013211390188935,2006-11-01
XOM,2006-12-29,-0.002343951228708341,2006-12-01
XOM,2007-01-31,-0.033015605408994175,2007-01-01
XOM,2007-02-28,-0.028538748021192717,2007-02-01
XOM,2007-03-30,0.05259462857221808,2007-03-01
XOM,2007-04-30,0.052087099251608926,2007-04-01
XOM,2007-05-31,0.05226863509534496,2007-05-01
XOM,2007-06-29,0.008537009349638636,2007-06-01
XOM,2007-07-31,0.014901845888605436,2007-07-01
XOM,2007-08-31,0.01107416349957191,2007-08-01
XOM,2007-09-28,0.07966865764254849,2007-09-01
XOM,2007-10-31,-0.006158108544660923,2007-10-01
XOM,2007-11-30,-0.02699587786404012,2007-11-01
XOM,2007-12-31,0.050807626455495525,2007-12-01
XOM,2008-01-31,-0.08528149273877927,2008-01-01
XOM,2008-02-29,0.019668052483769127,2008-02-01
XOM,2008-03-31,-0.02792763773885998,2008-03-01
XOM,2008-04-30,0.10037792780189148,2008-04-01
XOM,2008-05-30,-0.042048201521445505,2008-05-01
XOM,2008-06-30,-0.007098141475323172,2008-06-01
XOM,2008-07-31,-0.08737096678463796,2008-07-01
XOM,2008-08-29,-1.4121272317502154e-4,2008-08-01
XOM,2008-09-30,-0.029371278939450463,2008-09-01
XOM,2008-10-31,-0.04558349562407926,2008-10-01
XOM,2008-11-28,0.08757316228826162,2008-11-01
XOM,2008-12-31,-0.00399249629761067,2008-12-01
XOM,2009-01-30,-0.0419642597852623,2009-01-01
XOM,2009-02-27,-0.10771293806148297,2009-02-01
XOM,2009-03-31,0.0029458509528488275,2009-03-01
XOM,2009-04-30,-0.020998282192329465,2009-04-01
XOM,2009-05-29,0.04640555484454545,2009-05-01
XOM,2009-06-30,0.008074899444667993,2009-06-01
XOM,2009-07-31,0.006865842167885328,2009-07-01
XOM,2009-08-31,-0.011615602959131222,2009-08-01
XOM,2009-09-30,-0.007808876605987725,2009-09-01
XOM,2009-10-30,0.044599676193832094,2009-10-01
XOM,2009-11-30,0.05353613822908643,2009-11-01
XOM,2009-12-31,-0.09164772618137584,2009-12-01
XOM,2010-01-29,-0.05513977025095729,2010-01-01
XOM,2010-02-26,0.015427702571004565,2010-02-01
XOM,2010-03-31,0.030461740101334955,2010-03-01
XOM,2010-04-30,0.011794705162925467,2010-04-01
XOM,2010-05-28,-0.10180665643808273,2010-05-01
XOM,2010-06-30,-0.05606974862526637,2010-06-01
XOM,2010-07-30,0.045733652998209307,2010-07-01
XOM,2010-08-31,-0.0024638789450632803,2010-08-01
XOM,2010-09-30,0.04533923983535604,2010-09-01
XOM,2010-10-29,0.07606397429422418,2010-10-01
XOM,2010-11-30,0.05275949387228063,2010-11-01
XOM,2010-12-31,0.05117919329515419,2010-12-01
XOM,2011-01-31,0.10339151140821534,2011-01-01
XOM,2011-02-28,0.06570086350171667,2011-02-01
XOM,2011-03-31,-0.016368538538455657,2011-03-01
XOM,2011-04-29,0.04576232210973963,2011-04-01
XOM,2011-05-31,-0.045880500019197634,2011-05-01
XOM,2011-06-30,-0.025039204691023387,2011-06-01
XOM,2011-07-29,-0.0195375961029719,2011-07-01
XOM,2011-08-31,-0.06618848780006004,2011-08-01
XOM,2011-09-30,-0.01877906986352762,2011-09-01
XOM,2011-10-31,0.07517556770188705,2011-10-01
XOM,2011-11-30,0.03623100429867043,2011-11-01
XOM,2011-12-30,0.05370457499125281,2011-12-01
XOM,2012-01-31,-0.012033915718910881,2012-01-01
XOM,2012-02-29,0.03861327691517169,2012-02-01
XOM,2012-03-30,0.002659069355243293,2012-03-01
XOM,2012-04-30,-0.004496932849464619,2012-04-01
XOM,2012-05-31,-0.08302446493009308,2012-05-01
XOM,2012-06-29,0.088261997571079,2012-06-01
XOM,2012-07-31,0.014958275761011386,2012-07-01
XOM,2012-08-31,0.01171326946559037,2012-08-01
XOM,2012-09-28,0.04753783969297176,2012-09-01
XOM,2012-10-31,-0.0030617258459439967,2012-10-01
XOM,2012-11-30,-0.027182082427639642,2012-11-01
XOM,2012-12-31,-0.018039065005430843,2012-12-01
XOM,2013-01-31,0.03951452655087073,2013-01-01
XOM,2013-02-28,0.0016903777505803408,2013-02-01
XOM,2013-03-28,0.00625361072050068,2013-03-01
XOM,2013-04-30,-0.012429128956871982,2013-04-01
XOM,2013-05-31,0.023663956689011778,2013-05-01
XOM,2013-06-28,-0.001326564390837559,2013-06-01
XOM,2013-07-31,0.03763140774686802,2013-07-01
XOM,2013-08-30,-0.06386746169564106,2013-08-01
XOM,2013-09-30,-0.012849952751261995,2013-09-01
XOM,2013-10-31,0.04160850838357377,2013-10-01
XOM,2013-11-29,0.050168196916232644,2013-11-01
XOM,2013-12-31,0.08258407358218456,2013-12-01
XOM,2014-01-31,-0.08932789279960784,2014-01-01
XOM,2014-02-28,0.05199458839888016,2014-02-01
XOM,2014-03-31,0.014646360303586015,2014-03-01
XOM,2014-04-30,0.04842399207961856,2014-04-01
XOM,2014-05-30,-0.01169308762151089,2014-05-01
XOM,2014-06-30,0.0014918521052236233,2014-06-01
XOM,2014-07-31,-0.017282130882471658,2014-07-01
XOM,2014-08-29,0.012258125645899787,2014-08-01
XOM,2014-09-30,-0.054393435459938244,2014-09-01
XOM,2014-10-31,0.028282859453150566,2014-10-01
XOM,2014-11-28,-0.05703976948794154,2014-11-01
XOM,2014-12-31,0.021095943953010732,2014-12-01
XOM,2015-01-30,-0.05440838315152774,2015-01-01
XOM,2015-02-27,0.020435319178748967,2015-02-01
XOM,2015-03-31,-0.03998175487532374,2015-03-01
XOM,2015-04-30,0.027882462781677164,2015-04-01
XOM,2015-05-29,-0.016771434996660783,2015-05-01
XOM,2015-06-30,-0.02347433064361437,2015-06-01
XOM,2015-07-31,-0.04795673933695732,2015-07-01
XOM,2015-08-31,-0.04123235815232473,2015-08-01
XOM,2015-09-30,-0.011828767678113472,2015-09-01
XOM,2015-10-30,0.11284445941032883,2015-10-01
XOM,2015-11-30,-0.004448751107684945,2015-11-01
XOM,2015-12-31,-0.04543264418525261,2015-12-01
XOM,2016-01-29,-0.001282904004526353,2016-01-01
XOM,2016-02-29,0.03888836992493916,2016-02-01
XOM,2016-03-31,0.04291976081834714,2016-03-01
XOM,2016-04-29,0.05754273091680995,2016-04-01
XOM,2016-05-31,0.01547674543742672,2016-05-01
XOM,2016-06-30,0.05302206809185117,2016-06-01
XOM,2016-07-29,-0.0510991371571653,2016-07-01
XOM,2016-08-31,-0.011994056535662212,2016-08-01
XOM,2016-09-30,0.0016062635986386908,2016-09-01
XOM,2016-10-31,-0.04537141449142279,2016-10-01
XOM,2016-11-30,0.057045484228856136,2016-11-01
XOM,2016-12-30,0.033906403760128434,2016-12-01
XOM,2017-01-31,-0.07057386597258264,2017-01-01
XOM,2017-02-28,-0.0217714175422713,2017-02-01
XOM,2017-03-31,0.008484933566826225,2017-03-01
XOM,2017-04-28,-0.004389645155453592,2017-04-01
XOM,2017-05-31,-0.004774306874791301,2017-05-01
XOM,2017-06-30,0.0028570042557822806,2017-06-01
XOM,2017-07-31,-0.008546524285503287,2017-07-01
XOM,2017-08-31,-0.03710883589837666,2017-08-01
XOM,2017-09-29,0.07402093164003576,2017-09-01
XOM,2017-10-31,0.016711653300765406,2017-10-01
XOM,2017-11-30,0.008528043843681221,2017-11-01
XOM,2017-12-29,0.004202165240077216,2017-12-01
XOM,2018-01-31,0.04375892359537481,2018-01-01
XOM,2018-02-28,-0.12354535935031541,2018-02-01
XOM,2018-03-29,-0.014919266015757549,2018-03-01
XOM,2018-04-30,0.04208550213657092,2018-04-01
XOM,2018-05-31,0.05547837962305846,2018-05-01
XOM,2018-06-29,0.018340810370661043,2018-06-01
XOM,2018-07-31,-0.014746906643398616,2018-07-01
XOM,2018-08-31,-0.006294592118646691,2018-08-01
XOM,2018-09-28,0.06049625858866925,2018-09-01
XOM,2018-10-31,-0.06280884601558556,2018-10-01
XOM,2018-11-30,0.007855516845007626,2018-11-01
XOM,2018-12-31,-0.14226420101425508,2018-12-01
XOM,2019-01-31,0.0746443981148337,2019-01-01
XOM,2019-02-28,0.090439023443462,2019-02-01
XOM,2019-03-29,0.022397091166028282,2019-03-01
XOM,2019-04-30,-0.006435924481618116,2019-04-01
XOM,2019-05-31,-0.10835594009262439,2019-05-01
XOM,2019-06-28,0.08280355575815768,2019-06-01
XOM,2019-07-31,-0.029622820298617736,2019-07-01
XOM,2019-08-30,-0.06762378874973607,2019-08-01
XOM,2019-09-30,0.031103642260245312,2019-09-01
XOM,2019-10-31,-0.04305330422780129,2019-10-01
XOM,2019-11-29,0.02044749720413397,2019-11-01
XOM,2019-12-31,0.02421830424253657,2019-12-01
XOM,2020-01-31,-0.10977348193463832,2020-01-01
XOM,2020-02-28,-0.16003685271461032,2020-02-01
XOM,2020-03-31,-0.2618587358616835,2020-03-01
XOM,2020-04-30,0.22386080319352542,2020-04-01
XOM,2020-05-29,-0.0025472163203336118,2020-05-01
XOM,2020-06-30,-0.016493994698354997,2020-06-01
XOM,2020-07-31,-0.05903418040442965,2020-07-01
XOM,2020-08-31,-0.03213080887443276,2020-08-01
XOM,2020-09-30,-0.1404606592786266,2020-09-01
XOM,2020-10-30,-0.04981071002736204,2020-10-01
XOM,2020-11-30,0.19711637165393503,2020-11-01
XOM,2020-12-31,0.08103864466629052,2020-12-01
XOM,2021-01-29,0.08782136391068196,2021-01-01
XOM,2021-02-26,0.23312508686669076,2021-02-01
XOM,2021-03-31,0.026853018888427282,2021-03-01
XOM,2021-04-30,0.02525524200246476,2021-04-01
XOM,2021-05-28,0.03459703530629521,2021-05-01
XOM,2021-06-30,0.0806923249622129,2021-06-01
XOM,2021-07-30,-0.0873495903796363,2021-07-01
XOM,2021-08-31,-0.038645000807520424,2021-08-01
XOM,2021-09-30,0.07887013444372637,2021-09-01
XOM,2021-10-29,0.09605577302853363,2021-10-01
XOM,2021-11-30,-0.05934234186468368,2021-11-01
XOM,2021-12-31,0.02255999381184881,2021-12-01
XOM,2022-01-31,0.24137949233039158,2022-01-01
XOM,2022-02-28,0.04383047368688309,2022-02-01
XOM,2022-03-31,0.053175259269198305,2022-03-01
XOM,2022-04-29,0.0322073470022648,2022-04-01
XOM,2022-05-31,0.13763449633523894,2022-05-01
XOM,2022-06-30,-0.10791674122310613,2022-06-01
XOM,2022-07-29,0.13183110458093017,2022-07-01
XOM,2022-08-31,-0.004242737342956326,2022-08-01
XOM,2022-09-30,-0.08661988759994421,2022-09-01
XOM,2022-10-31,0.2691559411858464,2022-10-01
XOM,2022-11-30,0.01287175846399169,2022-11-01
XOM,2022-12-30,-0.009340773239276734,2022-12-01
XOM,2023-01-31,0.05176791252706847,2023-01-01
XOM,2023-02-28,-0.04529138553558698,2023-02-01
XOM,2023-03-31,-0.002274673062975574,2023-03-01
XOM,2023-04-28,0.07915379354591967,2023-04-01
XOM,2023-05-31,-0.12906310145709576,2023-05-01
XOM,2023-06-30,0.04961807962997766,2023-06-01
XOM,2023-07-31,-9.307777574196763e-5,2023-07-01
XOM,2023-08-31,0.04533262135926952,2023-08-01
XOM,2023-09-29,0.05746916676920755,2023-09-01
XOM,2023-10-31,-0.09976183434812713,2023-10-01
XOM,2023-11-30,-0.020505669434402463,2023-11-01
XOM,2023-12-29,-0.026863770895365957,2023-12-01
XOM,2024-01-31,0.028305579827778482,2024-01-01
XOM,2024-02-29,0.026080859501959264,2024-02-01
XOM,2024-03-28,0.1121316850400027,2024-03-01
XOM,2024-04-30,0.017463889713037917,2024-04-01
XOM,2024-05-31,-4.8667752598952063e-4,2024-05-01
XOM,2024-06-28,-0.018250028041463917,2024-06-01
XOM,2024-07-31,0.030142303675005477,2024-07-01
XOM,2024-08-30,0.002525713489168746,2024-08-01
XOM,2024-09-30,-0.00610477595107406,2024-09-01
XOM,2024-10-31,-0.003753661488877902,2024-10-01
XOM,2024-11-29,0.018404651147563733,2024-11-01
XOM,2024-12-30,-0.10342486061613776,2024-12-01
JPM,2000-01-31,0.11346836406587024,2000-01-01
JPM,2000-02-29,-0.013168013311518845,2000-02-01
JPM,2000-03-31,0.09497669830218358,2000-03-01
JPM,2000-04-28,-0.16844505192987436,2000-04-01
JPM,2000-05-31,0.035528934569671655,2000-05-01
JPM,2000-06-30,-0.07489525820947585,2000-06-01
JPM,2000-07-31,0.08897638126736229,2000-07-01
JPM,2000-08-31,0.12170608373378555,2000-08-01
JPM,2000-09-29,-0.17337781779177308,2000-09-01
JPM,2000-10-31,-0.00809600911063757,2000-10-01
JPM,2000-11-30,-0.189560311583873,2000-11-01
JPM,2000-12-29,0.2322034445848653,2000-12-01
JPM,2001-01-31,0.21910023740264406,2001-01-01
JPM,2001-02-28,-0.15148205746461918,2001-02-01
JPM,2001-03-30,-0.03772034665500301,2001-03-01
JPM,2001-04-30,0.07740329048130334,2001-04-01
JPM,2001-05-31,0.024385113009307124,2001-05-01
JPM,2001-06-29,-0.09521893631104028,2001-06-01
JPM,2001-07-31,-0.019027619166748,2001-07-01
JPM,2001-08-31,-0.0900689677746328,2001-08-01
JPM,2001-09-28,-0.1332490491344992,2001-09-01
JPM,2001-10-31,0.04559186372654089,2001-10-01
JPM,2001-11-30,0.06674261335408405,2001-11-01
JPM,2001-12-31,-0.03631985144127858,2001-12-01
JPM,2002-01-31,-0.05442967387341502,2002-01-01
JPM,2002-02-28,-0.1409694049028798,2002-02-01
JPM,2002-03-28,0.21880357294552666,2002-03-01
JPM,2002-04-30,-0.005855044338473725,2002-04-01
JPM,2002-05-31,0.02421663460451362,2002-05-01
JPM,2002-06-28,-0.05646750512968346,2002-06-01
JPM,2002-07-31,-0.2560855731462678,2002-07-01
JPM,2002-08-30,0.05769243022273929,2002-08-01
JPM,2002-09-30,-0.2806822474349988,2002-09-01
JPM,2002-10-31,0.11183086105189455,2002-10-01
JPM,2002-11-29,0.21301144300258223,2002-11-01
JPM,2002-12-31,-0.04648315379801682,2002-12-01
JPM,2003-01-31,-0.013525074159900341,2003-01-01
JPM,2003-02-28,-0.02827790709143685,2003-02-01
JPM,2003-03-31,0.04541467327889137,2003-03-01
JPM,2003-04-30,0.25549133769966503,2003-04-01
JPM,2003-05-30,0.11959167321141906,2003-05-01
JPM,2003-06-30,0.04016984314865768,2003-06-01
JPM,2003-07-31,0.03575700322537556,2003-07-01
JPM,2003-08-29,-0.02368058223557501,2003-08-01
JPM,2003-09-30,0.0032146888652977434,2003-09-01
JPM,2003-10-31,0.055878856741579774,2003-10-01
JPM,2003-11-28,-0.013927167578927757,2003-11-01
JPM,2003-12-31,0.037570557978583885,2003-12-01
JPM,2004-01-30,0.06870015355023007,2004-01-01
JPM,2004-02-27,0.054769802621374986,2004-02-01
JPM,2004-03-31,0.022671690786216114,2004-03-01
JPM,2004-04-30,-0.09642513523319407,2004-04-01
JPM,2004-05-28,-0.020212591699271476,2004-05-01
JPM,2004-06-30,0.05238888670717179,2004-06-01
JPM,2004-07-30,-0.02862365569233738,2004-07-01
JPM,2004-08-31,0.0602732809723161,2004-08-01
JPM,2004-09-30,0.003789927607232624,2004-09-01
JPM,2004-10-29,-0.02018395536257167,2004-10-01
JPM,2004-11-30,-0.02461127705491961,2004-11-01
JPM,2004-12-31,0.036122324866312505,2004-12-01
JPM,2005-01-31,-0.03468247172549588,2005-01-01
JPM,2005-02-28,-0.02089520623731922,2005-02-01
JPM,2005-03-31,-0.05335159441662629,2005-03-01
JPM,2005-04-29,0.03600741901805771,2005-04-01
JPM,2005-05-31,0.0073263255979090225,2005-05-01
JPM,2005-06-30,-0.012028290575125,2005-06-01
JPM,2005-07-29,0.004573991638903596,2005-07-01
JPM,2005-08-31,-0.03557206200576413,2005-08-01
JPM,2005-09-30,0.001180130574704119,2005-09-01
JPM,2005-10-31,0.09014403841800411,2005-10-01
JPM,2005-11-30,0.04451141618813392,2005-11-01
JPM,2005-12-30,0.03764705782141253,2005-12-01
JPM,2006-01-31,0.010056538321923103,2006-01-01
JPM,2006-02-28,0.03496857570418488,2006-02-01
JPM,2006-03-31,0.012153583489639797,2006-03-01
JPM,2006-04-28,0.09872686552770737,2006-04-01
JPM,2006-05-31,-0.06037920346258718,2006-05-01
JPM,2006-06-30,-0.015009605606511878,2006-06-01
JPM,2006-07-31,0.09505555851409175,2006-07-01
JPM,2006-08-31,8.766121997079157e-4,2006-08-01
JPM,2006-09-29,0.028471765642353875,2006-09-01
JPM,2006-10-31,0.017466285669885062,2006-10-01
JPM,2006-11-30,-0.024452333207052535,2006-11-01
JPM,2006-12-29,0.04364750973948128,2006-12-01
JPM,2007-01-31,0.06192669197188261,2007-01-01
JPM,2007-02-28,-0.030237540994116685,2007-02-01
JPM,2007-03-30,-0.02044996625636919,2007-03-01
JPM,2007-04-30,0.08453543263430396,2007-04-01
JPM,2007-05-31,-0.005182889393948842,2007-05-01
JPM,2007-06-29,-0.06521279487540299,2007-06-01
JPM,2007-07-31,-0.0845630401498042,2007-07-01
JPM,2007-08-31,0.011587844573498263,2007-08-01
JPM,2007-09-28,0.029200707227654332,2007-09-01
JPM,2007-10-31,0.034085474116874126,2007-10-01
JPM,2007-11-30,-0.029361609904054342,2007-11-01
JPM,2007-12-31,-0.04318299345133059,2007-12-01
JPM,2008-01-31,0.09544699061212691,2008-01-01
JPM,2008-02-29,-0.14240481297441232,2008-02-01
JPM,2008-03-31,0.05658038621494388,2008-03-01
JPM,2008-04-30,0.118472069278309,2008-04-01
JPM,2008-05-30,-0.0975864364996466,2008-05-01
JPM,2008-06-30,-0.20209278381271634,2008-06-01
JPM,2008-07-31,0.19746534939193094,2008-07-01
JPM,2008-08-29,-0.052670572305963836,2008-08-01
JPM,2008-09-30,0.21330229623081176,2008-09-01
JPM,2008-10-31,-0.10988708822504611,2008-10-01
JPM,2008-11-28,-0.23248468880709672,2008-11-01
JPM,2008-12-31,-0.004106205204037039,2008-12-01
JPM,2009-01-30,-0.1810591821943075,2009-01-01
JPM,2009-02-27,-0.10427333533923944,2009-02-01
JPM,2009-03-31,0.16323917152876488,2009-03-01
JPM,2009-04-30,0.2437444948775931,2009-04-01
JPM,2009-05-29,0.11818175555829535,2009-05-01
JPM,2009-06-30,-0.07560963338790139,2009-06-01
JPM,2009-07-31,0.13476217931322987,2009-07-01
JPM,2009-08-31,0.12445019058152385,2009-08-01
JPM,2009-09-30,0.008283625864133226,2009-09-01
JPM,2009-10-30,-0.04562853621936025,2009-10-01
JPM,2009-11-30,0.017236756633382422,2009-11-01
JPM,2009-12-31,-0.019298843395123777,2009-12-01
JPM,2010-01-29,-0.06439191893066198,2010-01-01
JPM,2010-02-26,0.07781173538079966,2010-02-01
JPM,2010-03-31,0.06623817254543352,2010-03-01
JPM,2010-04-30,-0.04742785069361011,2010-04-01
JPM,2010-05-28,-0.07045510251712972,2010-05-01
JPM,2010-06-30,-0.07503842452769227,2010-06-01
JPM,2010-07-30,0.10175056775844893,2010-07-01
JPM,2010-08-31,-0.09731852530538754,2010-08-01
JPM,2010-09-30,0.046754799536270264,2010-09-01
JPM,2010-10-29,-0.010022201049379675,2010-10-01
JPM,2010-11-30,-0.0061124884174074134,2010-11-01
JPM,2010-12-31,0.13422486007868462,2010-12-01
JPM,2011-01-31,0.0606223989807928,2011-01-01
JPM,2011-02-28,0.03894089838284187,2011-02-01
JPM,2011-03-31,-0.01263691439464698,2011-03-01
JPM,2011-04-29,-0.00482698811996185,2011-04-01
JPM,2011-05-31,-0.05237788217671602,2011-05-01
JPM,2011-06-30,-0.053191688004258664,2011-06-01
JPM,2011-07-29,-0.0058981771376154235,2011-07-01
JPM,2011-08-31,-0.07144593887646733,2011-08-01
JPM,2011-09-30,-0.19808326045078029,2011-09-01
JPM,2011-10-31,0.16420940194238054,2011-10-01
JPM,2011-11-30,-0.10903344413403449,2011-11-01
JPM,2011-12-30,0.07361983994729204,2011-12-01
JPM,2012-01-31,0.12987961884238075,2012-01-01
JPM,2012-02-29,0.05201067452889396,2012-02-01
JPM,2012-03-30,0.17176380440932304,2012-03-01
JPM,2012-04-30,-0.05912679558107303,2012-04-01
JPM,2012-05-31,-0.22871139696925402,2012-05-01
JPM,2012-06-29,0.0778281124611655,2012-06-01
JPM,2012-07-31,0.01595761807438545,2012-07-01
JPM,2012-08-31,0.03166671320504588,2012-08-01
JPM,2012-09-28,0.08993041966147297,2012-09-01
JPM,2012-10-31,0.03724839767379651,2012-10-01
JPM,2012-11-30,-0.014395507277919606,2012-11-01
JPM,2012-12-31,0.07035049646243374,2012-12-01
JPM,2013-01-31,0.07739892672564674,2013-01-01
JPM,2013-02-28,0.03974450969380694,2013-02-01
JPM,2013-03-28,-0.02984400422673883,2013-03-01
JPM,2013-04-30,0.03911536606557742,2013-04-01
JPM,2013-05-31,0.11385435703658131,2013-05-01
JPM,2013-06-28,-0.03297275573721559,2013-06-01
JPM,2013-07-31,0.06339057322640884,2013-07-01
JPM,2013-08-30,-0.09330731507009016,2013-08-01
JPM,2013-09-30,0.0229568455441298,2013-09-01
JPM,2013-10-31,0.004443933535679623,2013-10-01
JPM,2013-11-29,0.11020578158184957,2013-11-01
JPM,2013-12-31,0.02202043799004061,2013-12-01
JPM,2014-01-31,-0.04716037519658467,2014-01-01
JPM,2014-02-28,0.026372745967953914,2014-02-01
JPM,2014-03-31,0.06846221961238275,2014-03-01
JPM,2014-04-30,-0.07209954121664053,2014-04-01
JPM,2014-05-30,-0.0073241414291077556,2014-05-01
JPM,2014-06-30,0.0368902362553043,2014-06-01
JPM,2014-07-31,0.007863928553822674,2014-07-01
JPM,2014-08-29,0.03086580312882825,2014-08-01
JPM,2014-09-30,0.013288498599678844,2014-09-01
JPM,2014-10-31,0.010748070586859004,2014-10-01
JPM,2014-11-28,-0.005290797532488178,2014-11-01
JPM,2014-12-31,0.04022585017147473,2014-12-01
JPM,2015-01-30,-0.12544216264961128,2015-01-01
JPM,2015-02-27,0.12688495312822057,2015-02-01
JPM,2015-03-31,-0.011422948969123436,2015-03-01
JPM,2015-04-30,0.05117960349796746,2015-04-01
JPM,2015-05-29,0.03983548764247713,2015-05-01
JPM,2015-06-30,0.030100940021385636,2015-06-01
JPM,2015-07-31,0.01797346982667869,2015-07-01
JPM,2015-08-31,-0.06464344710599101,2015-08-01
JPM,2015-09-30,-0.048829604110238956,2015-09-01
JPM,2015-10-30,0.06140047561489426,2015-10-01
JPM,2015-11-30,0.037820835730164815,2015-11-01
JPM,2015-12-31,-0.00974778106958829,2015-12-01
JPM,2016-01-29,-0.09284970725583486,2016-01-01
JPM,2016-02-29,-0.05378164178710276,2016-02-01
JPM,2016-03-31,0.05186501081961792,2016-03-01
JPM,2016-04-29,0.07510812383803711,2016-04-01
JPM,2016-05-31,0.03275339849389347,2016-05-01
JPM,2016-06-30,-0.047954460532139476,2016-06-01
JPM,2016-07-29,0.03746330962121691,2016-07-01
JPM,2016-08-31,0.055182194655834405,2016-08-01
JPM,2016-09-30,-0.013481582625554211,2016-09-01
JPM,2016-10-31,0.04765692674920197,2016-10-01
JPM,2016-11-30,0.15752233509407554,2016-11-01
JPM,2016-12-30,0.07633804734390881,2016-12-01
JPM,2017-01-31,-0.013810952893191564,2017-01-01
JPM,2017-02-28,0.07077875978556003,2017-02-01
JPM,2017-03-31,-0.03067751341952707,2017-03-01
JPM,2017-04-28,-0.0038718351954581953,2017-04-01
JPM,2017-05-31,-0.05574735395829211,2017-05-01
JPM,2017-06-30,0.11259907331193864,2017-06-01
JPM,2017-07-31,0.009901043911284768,2017-07-01
JPM,2017-08-31,-0.009912981246273045,2017-08-01
JPM,2017-09-29,0.050830890582415744,2017-09-01
JPM,2017-10-31,0.05955507637600288,2017-10-01
JPM,2017-11-30,0.0388630777882808,2017-11-01
JPM,2017-12-29,0.02315322586366997,2017-12-01
JPM,2018-01-31,0.08726899753833939,2018-01-01
JPM,2018-02-28,-0.0014696538390782665,2018-02-01
JPM,2018-03-29,-0.04787880185493887,2018-03-01
JPM,2018-04-30,-0.005804940781832579,2018-04-01
JPM,2018-05-31,-0.01627116576545884,2018-05-01
JPM,2018-06-29,-0.02625944308387307,2018-06-01
JPM,2018-07-31,0.1091618655963793,2018-07-01
JPM,2018-08-31,-0.0032186219006340444,2018-08-01
JPM,2018-09-28,-0.015185960243638608,2018-09-01
JPM,2018-10-31,-0.02708765033500582,2018-10-01
JPM,2018-11-30,0.019904742987425728,2018-11-01
JPM,2018-12-31,-0.12204334731818756,2018-12-01
JPM,2019-01-31,0.06884387428402561,2019-01-01
JPM,2019-02-28,0.00830927971985318,2019-02-01
JPM,2019-03-29,-0.029992465729090423,2019-03-01
JPM,2019-04-30,0.1551711396736768,2019-04-01
JPM,2019-05-31,-0.08694535098457001,2019-05-01
JPM,2019-06-28,0.05511518926643766,2019-06-01
JPM,2019-07-31,0.04491290819374849,2019-07-01
JPM,2019-08-30,-0.05293121858850458,2019-08-01
JPM,2019-09-30,0.0712726470339875,2019-09-01
JPM,2019-10-31,0.06993521137532199,2019-10-01
JPM,2019-11-29,0.054755161389415274,2019-11-01
JPM,2019-12-31,0.057984231455475266,2019-12-01
JPM,2020-01-31,-0.044406531177058284,2020-01-01
JPM,2020-02-28,-0.12277117992073427,2020-02-01
JPM,2020-03-31,-0.22461454175593853,2020-03-01
JPM,2020-04-30,0.07469797255125865,2020-04-01
JPM,2020-05-29,0.016186347489003605,2020-05-01
JPM,2020-06-30,-0.03339856036726929,2020-06-01
JPM,2020-07-31,0.03744134129726362,2020-07-01
JPM,2020-08-31,0.036734615011264404,2020-08-01
JPM,2020-09-30,-0.039125815128544406,2020-09-01
JPM,2020-10-30,0.027835731233240457,2020-10-01
JPM,2020-11-30,0.20236626942779368,2020-11-01
JPM,2020-12-31,0.07796062932688397,2020-12-01
JPM,2021-01-29,0.019883903098940392,2021-01-01
JPM,2021-02-26,0.14377829044796453,2021-02-01
JPM,2021-03-31,0.034382062086869114,2021-03-01
JPM,2021-04-30,0.01633007250557239,2021-04-01
JPM,2021-05-28,0.06781086131205294,2021-05-01
JPM,2021-06-30,-0.05297136786135703,2021-06-01
JPM,2021-07-30,-0.018550201856261328,2021-07-01
JPM,2021-08-31,0.053827660434030866,2021-08-01
JPM,2021-09-30,0.02338231812329128,2021-09-01
JPM,2021-10-29,0.04413056623578138,2021-10-01
JPM,2021-11-30,-0.0651008373671923,2021-11-01
JPM,2021-12-31,-0.0030220585927650534,2021-12-01
JPM,2022-01-31,-0.05594724104786286,2022-01-01
JPM,2022-02-28,-0.045760673184353395,2022-02-01
JPM,2022-03-31,-0.03864601696334646,2022-03-01
JPM,2022-04-29,-0.11792290480330259,2022-04-01
JPM,2022-05-31,0.10782492881542205,2022-05-01
JPM,2022-06-30,-0.1483776862304771,2022-06-01
JPM,2022-07-29,0.03348225447215247,2022-07-01
JPM,2022-08-31,-0.014129813751810105,2022-08-01
JPM,2022-09-30,-0.08115729143538641,2022-09-01
JPM,2022-10-31,0.21537091594288005,2022-10-01
JPM,2022-11-30,0.09771200338973252,2022-11-01
JPM,2022-12-30,-0.029526629370239754,2022-12-01
JPM,2023-01-31,0.051408290702617876,2023-01-01
JPM,2023-02-28,0.02422123982597668,2023-02-01
JPM,2023-03-31,-0.09096622263884202,2023-03-01
JPM,2023-04-28,0.06918051229540323,2023-04-01
JPM,2023-05-31,-0.018301596288453292,2023-05-01
JPM,2023-06-30,0.07169713251256771,2023-06-01
JPM,2023-07-31,0.09354252913330341,2023-07-01
JPM,2023-08-31,-0.07362635378223192,2023-08-01
JPM,2023-09-29,-0.008952370280077782,2023-09-01
JPM,2023-10-31,-0.034022252369610984,2023-10-01
JPM,2023-11-30,0.12239309321619252,2023-11-01
JPM,2023-12-29,0.08982596291604383,2023-12-01
JPM,2024-01-31,0.03136482241813976,2024-01-01
JPM,2024-02-29,0.06710239309822619,2024-02-01
JPM,2024-03-28,0.07653451176203108,2024-03-01
JPM,2024-04-30,-0.0371520629544283,2024-04-01
JPM,2024-05-31,0.05679578284827169,2024-05-01
JPM,2024-06-28,-0.001826197447410749,2024-06-01
JPM,2024-07-31,0.057941078661778445,2024-07-01
JPM,2024-08-30,0.056391014521514515,2024-08-01
JPM,2024-09-30,-0.0620106871686783,2024-09-01
JPM,2024-10-31,0.05890128086751978,2024-10-01
JPM,2024-11-29,0.12527039566834275,2024-11-01
JPM,2024-12-30,-0.04164656372611064,2024-12-01
PG,2000-01-31,-0.05455600683897244,2000-01-01
PG,2000-02-29,-0.13048831822630202,2000-02-01
PG,2000-03-31,-0.35419637728317743,2000-03-01
PG,2000-04-28,0.05776914588799009,2000-04-01
PG,2000-05-31,0.11297024253390964,2000-05-01
PG,2000-06-30,-0.14661612299667726,2000-06-01
PG,2000-07-31,0.010476995020649138,2000-07-01
PG,2000-08-31,0.0847034895601817,2000-08-01
PG,2000-09-29,0.0836492459626188,2000-09-01
PG,2000-10-31,0.07134570111659921,2000-10-01
PG,2000-11-30,0.048119199502665744,2000-11-01
PG,2000-12-29,0.04757968547833591,2000-12-01
PG,2001-01-31,-0.0796342316824421,2001-01-01
PG,2001-02-28,-0.018652345352571875,2001-02-01
PG,2001-03-30,-0.11205619188818905,2001-03-01
PG,2001-04-30,-0.03484999331806693,2001-04-01
PG,2001-05-31,0.06977479252268637,2001-05-01
PG,2001-06-29,-0.006848957094078845,2001-06-01
PG,2001-07-31,0.11924778010932746,2001-07-01
PG,2001-08-31,0.044071978000247425,2001-08-01
PG,2001-09-28,-0.018341208435333933,2001-09-01
PG,2001-10-31,0.01906022955362885,2001-10-01
PG,2001-11-30,0.04987796177841042,2001-11-01
PG,2001-12-31,0.021559723847063728,2001-12-01
PG,2002-01-31,0.03717388656795917,2002-01-01
PG,2002-02-28,0.03807516804431965,2002-02-01
PG,2002-03-28,0.06250775651937901,2002-03-01
PG,2002-04-30,0.006078527376725651,2002-04-01
PG,2002-05-31,-0.007865830122839035,2002-05-01
PG,2002-06-28,0.004951183040736495,2002-06-01
PG,2002-07-31,0.0015828832581865626,2002-07-01
PG,2002-08-30,-0.0038208897473799297,2002-08-01
PG,2002-09-30,0.008234759494814892,2002-09-01
PG,2002-10-31,-0.005897074946057845,2002-10-01
PG,2002-11-29,-0.04431871600432857,2002-11-01
PG,2002-12-31,0.016680200239802767,2002-12-01
PG,2003-01-31,4.640228983088246e-4,2003-01-01
PG,2003-02-28,-0.043356001267348176,2003-02-01
PG,2003-03-31,0.08783198171063811,2003-03-01
PG,2003-04-30,0.013603998881829948,2003-04-01
PG,2003-05-30,0.02192543868154173,2003-05-01
PG,2003-06-30,-0.028752000234889996,2003-06-01
PG,2003-07-31,-0.00961166920382528,2003-07-01
PG,2003-08-29,-0.00660101881354902,2003-08-01
PG,2003-09-30,0.06335245494848918,2003-09-01
PG,2003-10-31,0.06398898508681516,2003-10-01
PG,2003-11-28,-0.020856980877964948,2003-11-01
PG,2003-12-31,0.03782236893160329,2003-12-01
PG,2004-01-30,0.016703019040607225,2004-01-01
PG,2004-02-27,0.01414711441358274,2004-02-01
PG,2004-03-31,0.023119549111747517,2004-03-01
PG,2004-04-30,0.013520738507712515,2004-04-01
PG,2004-05-28,0.019188594195051145,2004-05-01
PG,2004-06-30,0.009831513717839746,2004-06-01
PG,2004-07-30,-0.037650159596649635,2004-07-01
PG,2004-08-31,0.07325048195654826,2004-08-01
PG,2004-09-30,-0.03305270131999549,2004-09-01
PG,2004-10-29,-0.049842553749912644,2004-10-01
PG,2004-11-30,0.044939740632726766,2004-11-01
PG,2004-12-31,0.02991727590917348,2004-12-01
PG,2005-01-31,-0.029252908754177853,2005-01-01
PG,2005-02-28,-0.0026302151305913624,2005-02-01
PG,2005-03-31,-0.001695582261838191,2005-03-01
PG,2005-04-29,0.026991446045999012,2005-04-01
PG,2005-05-31,0.01846719179504963,2005-05-01
PG,2005-06-30,-0.04351766226763998,2005-06-01
PG,2005-07-29,0.06000502217823467,2005-07-01
PG,2005-08-31,-0.002696482780133125,2005-08-01
PG,2005-09-30,0.07173798159456557,2005-09-01
PG,2005-10-31,-0.053570937845456634,2005-10-01
PG,2005-11-30,0.021432520327286264,2005-11-01
PG,2005-12-30,0.012064825249287647,2005-12-01
PG,2006-01-31,0.028233408069473276,2006-01-01
PG,2006-02-28,0.01181794454421059,2006-02-01
PG,2006-03-31,-0.03837780978934646,2006-03-01
PG,2006-04-28,0.01567007473304116,2006-04-01
PG,2006-05-31,-0.06802921691784514,2006-05-01
PG,2006-06-30,0.024884716418527963,2006-06-01
PG,2006-07-31,0.016437264641596228,2006-07-01
PG,2006-08-31,0.10142325701469046,2006-08-01
PG,2006-09-29,0.0012923827186306358,2006-09-01
PG,2006-10-31,0.027868111289343522,2006-10-01
PG,2006-11-30,-0.00946544252867132,2006-11-01
PG,2006-12-29,0.023570805692858965,2006-12-01
PG,2007-01-31,0.014172640543981485,2007-01-01
PG,2007-02-28,-0.021273056031141047,2007-02-01
PG,2007-03-30,-0.005197629136168613,2007-03-01
PG,2007-04-30,0.025262933758349204,2007-04-01
PG,2007-05-31,-0.013198967301974118,2007-05-01
PG,2007-06-29,-0.037135695821280845,2007-06-01
PG,2007-07-31,0.016625762682300094,2007-07-01
PG,2007-08-31,0.05577161721468893,2007-08-01
PG,2007-09-28,0.07701683453143127,2007-09-01
PG,2007-10-31,-0.00674904569255852,2007-10-01
PG,2007-11-30,0.064442416996111307,2007-11-01
PG,2007-12-31,-0.007837915366663006,2007-12-01
PG,2008-01-31,-0.10446514428654141,2008-01-01
PG,2008-02-29,0.011616993549890209,2008-02-01
PG,2008-03-31,0.05877932004475461,2008-03-01
PG,2008-04-30,-0.03761840206427258,2008-04-01
PG,2008-05-30,-0.014914048467177476,2008-05-01
PG,2008-06-30,-0.0793338468267315,2008-06-01
PG,2008-07-31,0.08353156096143088,2008-07-01
PG,2008-08-29,0.06551631363695609,2008-08-01
PG,2008-09-30,-0.0011470157740519626,2008-09-01
PG,2008-10-31,-0.06797707622826976,2008-10-01
PG,2008-11-28,-0.00294385784910256,2008-11-01
PG,2008-12-31,-0.0393165043800382,2008-12-01
PG,2009-01-30,-0.11222455367593243,2009-01-01
PG,2009-02-27,-0.11614663036488604,2009-02-01
PG,2009-03-31,-0.022421135333992148,2009-03-01
PG,2009-04-30,0.05897507155894499,2009-04-01
PG,2009-05-29,0.050566546548253655,2009-05-01
PG,2009-06-30,-0.016173280117972366,2009-06-01
PG,2009-07-31,0.09498473819711273,2009-07-01
PG,2009-08-31,-0.025220965415279184,2009-08-01
PG,2009-09-30,0.07041205433796316,2009-09-01
PG,2009-10-30,0.009019040880986706,2009-10-01
PG,2009-11-30,0.07499956945549324,2009-11-01
PG,2009-12-31,-0.027586004455823376,2009-12-01
PG,2010-01-29,0.022462948976299524,2010-01-01
PG,2010-02-26,0.028107325648762727,2010-02-01
PG,2010-03-31,-1.578910429150815e-4,2010-03-01
PG,2010-04-30,-0.009982684737109282,2010-04-01
PG,2010-05-28,-0.017213718500307285,2010-05-01
PG,2010-06-30,-0.01817033277338098,2010-06-01
PG,2010-07-30,0.027653761639050645,2010-07-01
PG,2010-08-31,-0.0243623692301681,2010-08-01
PG,2010-09-30,0.005028053008578004,2010-09-01
PG,2010-10-29,0.06817888741572631,2010-10-01
PG,2010-11-30,-0.03932661400431692,2010-11-01
PG,2010-12-31,0.053381081406331576,2010-12-01
PG,2011-01-31,-0.011378756853129834,2011-01-01
PG,2011-02-28,-0.001266985695563938,2011-02-01
PG,2011-03-31,-0.022997571412488815,2011-03-01
PG,2011-04-29,0.062308831535668796,2011-04-01
PG,2011-05-31,0.03235734205766949,2011-05-01
PG,2011-06-30,-0.05119370824891101,2011-06-01
PG,2011-07-29,-0.024795889822683992,2011-07-01
PG,2011-08-31,0.03561542698892439,2011-08-01
PG,2011-09-30,-0.007851859208321876,2011-09-01
PG,2011-10-31,0.021077855920400568,2011-10-01
PG,2011-11-30,0.009064042227374447,2011-11-01
PG,2011-12-30,0.033142265876152655,2011-12-01
PG,2012-01-31,-0.0474670794879678,2012-01-01
PG,2012-02-29,0.07265232626662499,2012-02-01
PG,2012-03-30,-0.006063319814716639,2012-03-01
PG,2012-04-30,-0.04510740898094967,2012-04-01
PG,2012-05-31,-0.021212878499014653,2012-05-01
PG,2012-06-29,-0.01669639424103897,2012-06-01
PG,2012-07-31,0.06285437601028732,2012-07-01
PG,2012-08-31,0.04106040429874103,2012-08-01
PG,2012-09-28,0.0322962194943619,2012-09-01
PG,2012-10-31,0.006467777805923447,2012-10-01
PG,2012-11-30,0.008520555871584179,2012-11-01
PG,2012-12-31,-0.027781183264903198,2012-12-01
PG,2013-01-31,0.11606022001011462,2013-01-01
PG,2013-02-28,0.013571218248525252,2013-02-01
PG,2013-03-28,0.011551424256588394,2013-03-01
PG,2013-04-30,0.0035562154422190684,2013-04-01
PG,2013-05-31,-1.3042778142124956e-4,2013-05-01
PG,2013-06-28,0.002996612848602531,2013-06-01
PG,2013-07-31,0.05080507911575238,2013-07-01
PG,2013-08-30,-0.030012520175646262,2013-08-01
PG,2013-09-30,-0.029528591892954204,2013-09-01
PG,2013-10-31,0.07661496886836439,2013-10-01
PG,2013-11-29,0.042972301482965936,2013-11-01
PG,2013-12-31,-0.03336544511158901,2013-12-01
PG,2014-01-31,-0.05171774040488364,2014-01-01
PG,2014-02-28,0.02662466610238612,2014-02-01
PG,2014-03-31,0.024663071353285826,2014-03-01
PG,2014-04-30,0.032376538869573146,2014-04-01
PG,2014-05-30,-0.02132029229476129,2014-05-01
PG,2014-06-30,-0.027231153542985553,2014-06-01
PG,2014-07-31,-0.008300653970984562,2014-07-01
PG,2014-08-29,0.07488328982224779,2014-08-01
PG,2014-09-30,0.007580790257174508,2014-09-01
PG,2014-10-31,0.05014723911663155,2014-10-01
PG,2014-11-28,0.036209563128351885,2014-11-01
PG,2014-12-31,0.007298151376544215,2014-12-01
PG,2015-01-30,-0.06806999085347865,2015-01-01
PG,2015-02-27,0.009965748828028254,2015-02-01
PG,2015-03-31,-0.03747229737497515,2015-03-01
PG,2015-04-30,-0.02185061772473018,2015-04-01
PG,2015-05-29,-0.014086237034269589,2015-05-01
PG,2015-06-30,-0.0019135357906876482,2015-06-01
PG,2015-07-31,-0.011655684449057069,2015-07-01
PG,2015-08-31,-0.07861785969095347,2015-08-01
PG,2015-09-30,0.017970885271780146,2015-09-01
PG,2015-10-30,0.07126035963244837,2015-10-01
PG,2015-11-30,-0.02016196465492437,2015-11-01
PG,2015-12-31,0.06106302895365712,2015-12-01
PG,2016-01-29,0.037677900413395804,2016-01-01
PG,2016-02-29,-0.017137701916196457,2016-02-01
PG,2016-03-31,0.025158761652769313,2016-03-01
PG,2016-04-29,-0.018632948524635484,2016-04-01
PG,2016-05-31,0.011482302907653397,2016-05-01
PG,2016-06-30,0.04479298703220902,2016-06-01
PG,2016-07-29,0.01878730980429011,2016-07-01
PG,2016-08-31,0.02009578181709215,2016-08-01
PG,2016-09-30,0.027946568289189733,2016-09-01
PG,2016-10-31,-0.025402518809363173,2016-10-01
PG,2016-11-30,-0.049999948461040944,2016-11-01
PG,2016-12-30,0.019645866488303687,2016-12-01
PG,2017-01-31,0.05012206104932426,2017-01-01
PG,2017-02-28,0.03961181178818873,2017-02-01
PG,2017-03-31,-0.013396606639191733,2017-03-01
PG,2017-04-28,-0.02060356190064494,2017-04-01
PG,2017-05-31,0.008701977528568383,2017-05-01
PG,2017-06-30,-0.010670767277869309,2017-06-01
PG,2017-07-31,0.0502875184995375,2017-07-01
PG,2017-08-31,0.015965196863209297,2017-08-01
PG,2017-09-29,-0.013980641508564151,2017-09-01
PG,2017-10-31,-0.04388869033665488,2017-10-01
PG,2017-11-30,0.04227463529697584,2017-11-01
PG,2017-12-29,0.021002192642537665,2017-12-01
PG,2018-01-31,-0.053132009417740766,2018-01-01
PG,2018-02-28,-0.0905723376700508,2018-02-01
PG,2018-03-29,0.00967957394303598,2018-03-01
PG,2018-04-30,-0.07909461418816122,2018-04-01
PG,2018-05-31,0.01147364869995604,2018-05-01
PG,2018-06-29,0.06683078786986862,2018-06-01
PG,2018-07-31,0.04552927668787898,2018-07-01
PG,2018-08-31,0.025593337527731075,2018-08-01
PG,2018-09-28,0.0033757809657322113,2018-09-01
PG,2018-10-31,0.07489586415986715,2018-10-01
PG,2018-11-30,0.06574206259704796,2018-11-01
PG,2018-12-31,-0.027404522752683125,2018-12-01
PG,2019-01-31,0.05780056503510722,2019-01-01
PG,2019-02-28,0.021560817311859104,2019-02-01
PG,2019-03-29,0.055809680496281766,2019-03-01
PG,2019-04-30,0.030578109177534785,2019-04-01
PG,2019-05-31,-0.033527537042984834,2019-05-01
PG,2019-06-28,0.06549434386115038,2019-06-01
PG,2019-07-31,0.08348796484516474,2019-07-01
PG,2019-08-30,0.018552785728559895,2019-08-01
PG,2019-09-30,0.034517074658837466,2019-09-01
PG,2019-10-31,0.007439790597785434,2019-10-01
PG,2019-11-29,-0.019677097257726373,2019-11-01
PG,2019-12-31,0.02326725627943227,2019-12-01
PG,2020-01-31,0.0036861155901863896,2020-01-01
PG,2020-02-28,-0.09139780557068111,2020-02-01
PG,2020-03-31,-0.028525923911574158,2020-03-01
PG,2020-04-30,0.078691462019014,2020-04-01
PG,2020-05-29,-0.016543780102604932,2020-05-01
PG,2020-06-30,0.031487239469611294,2020-06-01
PG,2020-07-31,0.10351616495506666,2020-07-01
PG,2020-08-31,0.05498779137364629,2020-08-01
PG,2020-09-30,0.004771229194338034,2020-09-01
PG,2020-10-30,-0.008121126490015618,2020-10-01
PG,2020-11-30,0.012910216624458348,2020-11-01
PG,2020-12-31,0.0019440741824847674,2020-12-01
PG,2021-01-29,-0.07299575909483658,2021-01-01
PG,2021-02-26,-0.03650258961907504,2021-02-01
PG,2021-03-31,0.09633283818996285,2021-03-01
PG,2021-04-30,-0.008538333496917905,2021-04-01
PG,2021-05-28,0.010717802590383796,2021-05-01
PG,2021-06-30,5.933740331209858e-4,2021-06-01
PG,2021-07-30,0.06073171790545828,2021-07-01
PG,2021-08-31,0.001125030161421181,2021-08-01
PG,2021-09-30,-0.01818971519952317,2021-09-01
PG,2021-10-29,0.02915897688632141,2021-10-01
PG,2021-11-30,0.011119874102346161,2021-11-01
PG,2021-12-31,0.13141485386230878,2021-12-01
PG,2022-01-31,-0.013838358177331478,2022-01-01
PG,2022-02-28,-0.028419972011443417,2022-02-01
PG,2022-03-31,-0.01982182275218891,2022-03-01
PG,2022-04-29,0.05661490897956356,2022-04-01
PG,2022-05-31,-0.07891601960652261,2022-05-01
PG,2022-06-30,-0.027657917141348576,2022-06-01
PG,2022-07-29,-0.02766672470710141,2022-07-01
PG,2022-08-31,-0.006983039099566213,2022-08-01
PG,2022-09-30,-0.08474677669560382,2022-09-01
PG,2022-10-31,0.07426323036572824,2022-10-01
PG,2022-11-30,0.10759628060635706,2022-11-01
PG,2022-12-30,0.016090217116408345,2022-12-01
PG,2023-01-31,-0.05467505745669188,2023-01-01
PG,2023-02-28,-0.033853092601900614,2023-02-01
PG,2023-03-31,0.08091028991434257,2023-03-01
PG,2023-04-28,0.058303053257248605,2023-04-01
PG,2023-05-31,-0.08875849298873506,2023-05-01
PG,2023-06-30,0.06484234741639505,2023-06-01
PG,2023-07-31,0.036541258202142934,2023-07-01
PG,2023-08-31,-0.012539926803237789,2023-08-01
PG,2023-09-29,-0.054943697006980985,2023-09-01
PG,2023-10-31,0.03508126438818082,2023-10-01
PG,2023-11-30,0.0232618421462778,2023-11-01
PG,2023-12-29,-0.04546638063996866,2023-12-01
PG,2024-01-31,0.07910756934994034,2024-01-01
PG,2024-02-29,0.011454873418818234,2024-02-01
PG,2024-03-28,0.02082557045845146,2024-03-01
PG,2024-04-30,0.012349852867870492,2024-04-01
PG,2024-05-31,0.008210759641199772,2024-05-01
PG,2024-06-28,0.002309510436958817,2024-06-01
PG,2024-07-31,-0.01936167041954906,2024-07-01
PG,2024-08-30,0.06705636703896611,2024-08-01
PG,2024-09-30,0.00967716587105616,2024-09-01
PG,2024-10-31,-0.04069766685021525,2024-10-01
PG,2024-11-29,0.08524044444500456,2024-11-01
PG,2024-12-30,-0.06789034204719224,2024-12-01
KO,2000-01-31,0.01884671405878402,2000-01-01
KO,2000-02-29,-0.1534274075843869,2000-02-01
KO,2000-03-31,-0.03108444796567955,2000-03-01
KO,2000-04-28,0.006657767428086103,2000-04-01
KO,2000-05-31,0.12962979467120728,2000-05-01
KO,2000-06-30,0.0796000715918257,2000-06-01
KO,2000-07-31,0.0674648573700658,2000-07-01
KO,2000-08-31,-0.14143770943754352,2000-08-01
KO,2000-09-29,0.0505327756871361,2000-09-01
KO,2000-10-31,0.09523832931221543,2000-10-01
KO,2000-11-30,0.04019338763249514,2000-11-01
KO,2000-12-29,-0.026946277431379118,2000-12-01
KO,2001-01-31,-0.04820499571482317,2001-01-01
KO,2001-02-28,-0.08568968632133112,2001-02-01
KO,2001-03-30,-0.1453357428460379,2001-03-01
KO,2001-04-30,0.022807119984204594,2001-04-01
KO,2001-05-31,0.026197061667136534,2001-05-01
KO,2001-06-29,-0.04689683549876045,2001-06-01
KO,2001-07-31,-0.008888460811378507,2001-07-01
KO,2001-08-31,0.09125547539749679,2001-08-01
KO,2001-09-28,-0.026899893888177817,2001-09-01
KO,2001-10-31,0.021985478969987815,2001-10-01
KO,2001-11-30,-0.015522607742041727,2001-11-01
KO,2001-12-31,0.004046165702018989,2001-12-01
KO,2002-01-31,-0.0721108151797144,2002-01-01
KO,2002-02-28,0.08320022387264125,2002-02-01
KO,2002-03-28,0.1073695545822233,2002-03-01
KO,2002-04-30,0.062189506287362306,2002-04-01
KO,2002-05-31,9.005162750796991e-4,2002-05-01
KO,2002-06-28,0.011666432596793452,2002-06-01
KO,2002-07-31,-0.10821416599573785,2002-07-01
KO,2002-08-30,0.02122526176865369,2002-08-01
KO,2002-09-30,-0.055903149165848376,2002-09-01
KO,2002-10-31,-0.030859145527637133,2002-10-01
KO,2002-11-29,-0.013699178042706373,2002-11-01
KO,2002-12-31,-0.03943921709914455,2002-12-01
KO,2003-01-31,-0.07709839573657173,2003-01-01
KO,2003-02-28,-0.005931948603955739,2003-02-01
KO,2003-03-31,0.012378514775988059,2003-03-01
KO,2003-04-30,-0.0019764397487813667,2003-04-01
KO,2003-05-30,0.12797018958229445,2003-05-01
KO,2003-06-30,0.023263813053243432,2003-06-01
KO,2003-07-31,-0.031027975391158757,2003-07-01
KO,2003-08-29,-0.03224282449932658,2003-08-01
KO,2003-09-30,-0.008013034385233375,2003-09-01
KO,2003-10-31,0.08007435765294857,2003-10-01
KO,2003-11-28,0.006912164926635933,2003-11-01
KO,2003-12-31,0.0913977944360358,2003-12-01
KO,2004-01-30,-0.02975350668359389,2004-01-01
KO,2004-02-27,0.014622025559491547,2004-02-01
KO,2004-03-31,0.011874966574348722,2004-03-01
KO,2004-04-30,0.005368216287122918,2004-04-01
KO,2004-05-28,0.015424005497487236,2004-05-01
KO,2004-06-30,-0.012159602966914318,2004-06-01
KO,2004-07-30,-0.13114098567437182,2004-07-01
KO,2004-08-31,0.019379858733474364,2004-08-01
KO,2004-09-30,-0.09898397282361338,2004-09-01
KO,2004-10-29,0.01523138279597358,2004-10-01
KO,2004-11-30,-0.027100445574148813,2004-11-01
KO,2004-12-31,0.05927227907112931,2004-12-01
KO,2005-01-31,-0.0036020368609466225,2005-01-01
KO,2005-02-28,0.03157395482709924,2005-02-01
KO,2005-03-31,-0.02003102621537045,2005-03-01
KO,2005-04-29,0.04247645834170943,2005-04-01
KO,2005-05-31,0.027393539134352052,2005-05-01
KO,2005-06-30,-0.05853203140651597,2005-06-01
KO,2005-07-29,0.04814375804214044,2005-07-01
KO,2005-08-31,0.005483896630537277,2005-08-01
KO,2005-09-30,-0.012158527438994593,2005-09-01
KO,2005-10-31,-0.009492459950198096,2005-10-01
KO,2005-11-30,0.004470788071801568,2005-11-01
KO,2005-12-30,-0.0557510092910678,2005-12-01
KO,2006-01-31,0.02654428062871661,2006-01-01
KO,2006-02-28,0.014258238693950709,2006-02-01
KO,2006-03-31,0.004900912249939937,2006-03-01
KO,2006-04-28,0.002149499707902791,2006-04-01
KO,2006-05-31,0.04933262223003565,2006-05-01
KO,2006-06-30,-0.01589513955357258,2006-06-01
KO,2006-07-31,0.03440250770315956,2006-07-01
KO,2006-08-31,0.006966827277090637,2006-08-01
KO,2006-09-29,0.004049322018302437,2006-09-01
KO,2006-10-31,0.04565844966505095,2006-10-01
KO,2006-11-30,0.009055671577145485,2006-11-01
KO,2006-12-29,0.030322106225687984,2006-12-01
KO,2007-01-31,-0.007668448539556505,2007-01-01
KO,2007-02-28,-0.025062727187914025,2007-02-01
KO,2007-03-30,0.03562112810185303,2007-03-01
KO,2007-04-30,0.08729150751484038,2007-04-01
KO,2007-05-31,0.015328952889857028,2007-05-01
KO,2007-06-29,-0.006225570921405632,2007-06-01
KO,2007-07-31,-0.0038237646870510344,2007-07-01
KO,2007-08-31,0.03204826874984623,2007-08-01
KO,2007-09-28,0.07517988345248061,2007-09-01
KO,2007-10-31,0.07464787514037541,2007-10-01
KO,2007-11-30,0.010962700904284972,2007-11-01
KO,2007-12-31,-0.011755328356139905,2007-12-01
KO,2008-01-31,-0.03861796424421582,2008-01-01
KO,2008-02-29,-0.00915256280368626,2008-02-01
KO,2008-03-31,0.047920912529906934,2008-03-01
KO,2008-04-30,-0.03285690293373256,2008-04-01
KO,2008-05-30,-0.027348541168398244,2008-05-01
KO,2008-06-30,-0.08622527649668565,2008-06-01
KO,2008-07-31,-0.009234318492374771,2008-07-01
KO,2008-08-29,0.011068011002320022,2008-08-01
KO,2008-09-30,0.0227789110750356,2008-09-01
KO,2008-10-31,-0.16679279558640847,2008-10-01
KO,2008-11-28,0.07282149769065005,2008-11-01
KO,2008-12-31,-0.034136464962427615,2008-12-01
KO,2009-01-30,-0.05632869628237136,2009-01-01
KO,2009-02-27,-0.043773933615221194,2009-02-01
KO,2009-03-31,0.08727151341623451,2009-03-01
KO,2009-04-30,-0.02047830433693909,2009-04-01
KO,2009-05-29,0.14192871452848865,2009-05-01
KO,2009-06-30,-0.015461914279369271,2009-06-01
KO,2009-07-31,0.03854986917483472,2009-07-01
KO,2009-08-31,-0.021468748278911876,2009-08-01
KO,2009-09-30,0.11008487432734193,2009-09-01
KO,2009-10-30,-0.007262208006138637,2009-10-01
KO,2009-11-30,0.08059340549866434,2009-11-01
KO,2009-12-31,-0.0034962713593221784,2009-12-01
KO,2010-01-29,-0.0482457197597691,2010-01-01
KO,2010-02-26,-0.028202841425280956,2010-02-01
KO,2010-03-31,0.05178579637641567,2010-03-01
KO,2010-04-30,-0.028182077339104383,2010-04-01
KO,2010-05-28,-0.0383529876997899,2010-05-01
KO,2010-06-30,-0.016653907603102702,2010-06-01
KO,2010-07-30,0.09956121251174421,2010-07-01
KO,2010-08-31,0.013972015099689594,2010-08-01
KO,2010-09-30,0.05517785214159732,2010-09-01
KO,2010-10-29,0.047847035153761874,2010-10-01
KO,2010-11-30,0.03728833228508521,2010-11-01
KO,2010-12-31,0.04115884150993465,2010-12-01
KO,2011-01-31,-0.04439709349562049,2011-01-01
KO,2011-02-28,0.017024793485739265,2011-02-01
KO,2011-03-31,0.045385182155775805,2011-03-01
KO,2011-04-29,0.01688250549560477,2011-04-01
KO,2011-05-31,-0.009634968103828467,2011-05-01
KO,2011-06-30,0.014476031284121671,2011-06-01
KO,2011-07-29,0.010699886388795932,2011-07-01
KO,2011-08-31,0.03587703658194674,2011-08-01
KO,2011-09-30,-0.0344813930054132,2011-09-01
KO,2011-10-31,0.011249696727607006,2011-10-01
KO,2011-11-30,-0.008806216577043946,2011-11-01
KO,2011-12-30,0.04075541136540517,2011-12-01
KO,2012-01-31,-0.03487173424957235,2012-01-01
KO,2012-02-29,0.03450301968877545,2012-02-01
KO,2012-03-30,0.06716277178249497,2012-03-01
KO,2012-04-30,0.03121237168536184,2012-04-01
KO,2012-05-31,-0.020833507127158035,2012-05-01
KO,2012-06-29,0.053444544591728205,2012-06-01
KO,2012-07-31,0.03337998058275171,2012-07-01
KO,2012-08-31,-0.07425736382580661,2012-08-01
KO,2012-09-28,0.02106506167948785,2012-09-01
KO,2012-10-31,-0.019773513367121964,2012-10-01
KO,2012-11-30,0.026901180671832003,2012-11-01
KO,2012-12-31,-0.044040006949174204,2012-12-01
KO,2013-01-31,0.027310027834882122,2013-01-01
KO,2013-02-28,0.03974221511275755,2013-02-01
KO,2013-03-28,0.05198204376164961,2013-03-01
KO,2013-04-30,0.046735610616251755,2013-04-01
KO,2013-05-31,-0.05527965292056236,2013-05-01
KO,2013-06-28,0.009933148200373942,2013-06-01
KO,2013-07-31,-7.477373510750285e-4,2013-07-01
KO,2013-08-30,-0.04740523485120118,2013-08-01
KO,2013-09-30,-6.419032193324403e-4,2013-09-01
KO,2013-10-31,0.04461430071409489,2013-10-01
KO,2013-11-29,0.022783767724666282,2013-11-01
KO,2013-12-31,0.02786746249446015,2013-12-01
KO,2014-01-31,-0.08448298568479107,2014-01-01
KO,2014-02-28,0.010047477263261495,2014-02-01
KO,2014-03-31,0.02006010234741562,2014-03-01
KO,2014-04-30,0.0550955825772006,2014-04-01
KO,2014-05-30,0.0029422921745545505,2014-05-01
KO,2014-06-30,0.043230793683974866,2014-06-01
KO,2014-07-31,-0.07247398382225623,2014-07-01
KO,2014-08-29,0.061848522933377614,2014-08-01
KO,2014-09-30,0.02998006068939474,2014-09-01
KO,2014-10-31,-0.01828406762047252,2014-10-01
KO,2014-11-28,0.07783820831518784,2014-11-01
KO,2014-12-31,-0.05821972681414145,2014-12-01
KO,2015-01-30,-0.024869609912057666,2015-01-01
KO,2015-02-27,0.05173639759018678,2015-02-01
KO,2015-03-31,-0.055739642857574045,2015-03-01
KO,2015-04-30,2.466035159807145e-4,2015-04-01
KO,2015-05-29,0.00986204505468935,2015-05-01
KO,2015-06-30,-0.03433477995838452,2015-06-01
KO,2015-07-31,0.04715769604248354,2015-07-01
KO,2015-08-31,-0.04284333932176643,2015-08-01
KO,2015-09-30,0.029185826453658192,2015-09-01
KO,2015-10-30,0.05558380502215177,2015-10-01
KO,2015-11-30,0.014092440092258185,2015-11-01
KO,2015-12-31,0.007978210520233286,2015-12-01
KO,2016-01-29,-9.316759792947771e-4,2016-01-01
KO,2016-02-29,0.00489286714570758,2016-02-01
KO,2016-03-31,0.0839741025527061,2016-03-01
KO,2016-04-29,-0.03427481263810106,2016-04-01
KO,2016-05-31,-0.004464154084610761,2016-05-01
KO,2016-06-30,0.02416200026939852,2016-06-01
KO,2016-07-29,-0.03750282678665928,2016-07-01
KO,2016-08-31,-0.004584374704053595,2016-08-01
KO,2016-09-30,-0.01759715239812143,2016-09-01
KO,2016-10-31,0.0018903465067885428,2016-10-01
KO,2016-11-30,-0.04030396763494537,2016-11-01
KO,2016-12-30,0.027509491535410824,2016-12-01
KO,2017-01-31,0.002653159191915,2017-01-01
KO,2017-02-28,0.00938192190538345,2017-02-01
KO,2017-03-31,0.020366572368045954,2017-03-01
KO,2017-04-28,0.016729696019017082,2017-04-01
KO,2017-05-31,0.053766048633969055,2017-05-01
KO,2017-06-30,-0.005518061281635234,2017-06-01
KO,2017-07-31,0.022073407763425257,2017-07-01
KO,2017-08-31,-0.006326482280506918,2017-08-01
KO,2017-09-29,-0.003992222385366007,2017-09-01
KO,2017-10-31,0.021550505322579072,2017-10-01
KO,2017-11-30,0.0035939140764715827,2017-11-01
KO,2017-12-29,0.0024034606693998928,2017-12-01
KO,2018-01-31,0.03727105938290842,2018-01-01
KO,2018-02-28,-0.09182608531545078,2018-02-01
KO,2018-03-29,0.01372945139571713,2018-03-01
KO,2018-04-30,-0.005065889129423962,2018-04-01
KO,2018-05-31,-0.0048595509090467726,2018-05-01
KO,2018-06-29,0.029084136564408114,2018-06-01
KO,2018-07-31,0.06315539457940567,2018-07-01
KO,2018-08-31,-0.044177238398779406,2018-08-01
KO,2018-09-28,0.04516205387434624,2018-09-01
KO,2018-10-31,0.036588132853810906,2018-10-01
KO,2018-11-30,0.06095542260669973,2018-11-01
KO,2018-12-31,-0.06051601541313423,2018-12-01
KO,2019-01-31,0.016473079723692274,2019-01-01
KO,2019-02-28,-0.05796789218996945,2019-02-01
KO,2019-03-29,0.04254690659527105,2019-03-01
KO,2019-04-30,0.04694831273857614,2019-04-01
KO,2019-05-31,0.0014267246777077691,2019-05-01
KO,2019-06-28,0.04452493478676578,2019-06-01
KO,2019-07-31,0.03358196753156184,2019-07-01
KO,2019-08-30,0.04579124597334627,2019-08-01
KO,2019-09-30,-0.003669401507960912,2019-09-01
KO,2019-10-31,-1.8348830208003708e-4,2019-10-01
KO,2019-11-29,-0.011595283597695238,2019-11-01
KO,2019-12-31,0.036516682292774716,2019-12-01
KO,2020-01-31,0.055104221361453876,2020-01-01
KO,2020-02-28,-0.08407536865896692,2020-02-01
KO,2020-03-31,-0.16548763533385002,2020-03-01
KO,2020-04-30,0.03706222134765591,2020-04-01
KO,2020-05-29,0.01721509441354896,2020-05-01
KO,2020-06-30,-0.03414919132275218,2020-06-01
KO,2020-07-31,0.057296417698101454,2020-07-01
KO,2020-08-31,0.04847561384615351,2020-08-01
KO,2020-09-30,0.004837950583346684,2020-09-01
KO,2020-10-30,-0.026534087884039326,2020-10-01
KO,2020-11-30,0.08207656004990338,2020-11-01
KO,2020-12-31,0.06279056037068398,2020-12-01
KO,2021-01-29,-0.12199117408592541,2021-01-01
KO,2021-02-26,0.01744559849749372,2021-02-01
KO,2021-03-31,0.08488876906846943,2021-03-01
KO,2021-04-30,0.02409447664430786,2021-04-01
KO,2021-05-28,0.024268260467957603,2021-05-01
KO,2021-06-30,-0.013967995759382568,2021-06-01
KO,2021-07-30,0.05396418005239534,2021-07-01
KO,2021-08-31,-0.012624676521139522,2021-08-01
KO,2021-09-30,-0.06116157499138564,2021-09-01
KO,2021-10-29,0.07432833612645373,2021-10-01
KO,2021-11-30,-0.06232518599368153,2021-11-01
KO,2021-12-31,0.12888464671359046,2021-12-01
KO,2022-01-31,0.03040044427120514,2022-01-01
KO,2022-02-28,0.020160448148176968,2022-02-01
KO,2022-03-31,0.0037695145526761564,2022-03-01
KO,2022-04-29,0.042096531276571536,2022-04-01
KO,2022-05-31,-0.01903722006740749,2022-05-01
KO,2022-06-30,-2.4418801310610583e-4,2022-06-01
KO,2022-07-29,0.020028582260057437,2022-07-01
KO,2022-08-31,-0.03833569779907553,2022-08-01
KO,2022-09-30,-0.08558691361635107,2022-09-01
KO,2022-10-31,0.06836851209272399,2022-10-01
KO,2022-11-30,0.07036130048264821,2022-11-01
KO,2022-12-30,0,2022-12-01
KO,2023-01-31,-0.036000540877571874,2023-01-01
KO,2023-02-28,-0.029517392195759995,2023-02-01
KO,2023-03-31,0.05034111014253506,2023-03-01
KO,2023-04-28,0.034177200451594336,2023-04-01
KO,2023-05-31,-0.06999231857143207,2023-05-01
KO,2023-06-30,0.017074089499293343,2023-06-01
KO,2023-07-31,0.028395849645676652,2023-07-01
KO,2023-08-31,-0.033909273267129336,2023-08-01
KO,2023-09-29,-0.05692586765220409,2023-09-01
KO,2023-10-31,0.0091105515561698,2023-10-01
KO,2023-11-30,0.04275680330289178,2023-11-01
KO,2023-12-29,0.00838474697007241,2023-12-01
KO,2024-01-31,0.009502708618514877,2024-01-01
KO,2024-02-29,0.008909062234855547,2024-02-01
KO,2024-03-28,0.027480143304485782,2024-03-01
KO,2024-04-30,0.009643644889131053,2024-04-01
KO,2024-05-31,0.01877943853979347,2024-05-01
KO,2024-06-28,0.01928934782726044,2024-06-01
KO,2024-07-31,0.04854672311182351,2024-07-01
KO,2024-08-30,0.08585554519850125,2024-08-01
KO,2024-09-30,-0.0016192377006420955,2024-09-01
KO,2024-10-31,-0.09114962598107834,2024-10-01
KO,2024-11-29,-0.011391370377594634,2024-11-01
KO,2024-12-30,-0.031991336192613073,2024-12-01
WMT,2000-01-31,-0.18054223853500495,2000-01-01
WMT,2000-02-29,-0.10958887964903574,2000-02-01
WMT,2000-03-31,0.1604327612074372,2000-03-01
WMT,2000-04-28,-0.019911597776663736,2000-04-01
WMT,2000-05-31,0.04063151608442572,2000-05-01
WMT,2000-06-30,0.0010919993199149935,2000-06-01
WMT,2000-07-31,-0.04121454922311851,2000-07-01
WMT,2000-08-31,-0.13800919577317095,2000-08-01
WMT,2000-09-29,0.0116231422694959,2000-09-01
WMT,2000-10-31,-0.057143094744138145,2000-10-01
WMT,2000-11-30,0.15013746394433025,2000-11-01
WMT,2000-12-29,0.019238335187318656,2000-12-01
WMT,2001-01-31,0.0691764908377388,2001-01-01
WMT,2001-02-28,-0.11813379815350211,2001-02-01
WMT,2001-03-30,0.009661328103110156,2001-03-01
WMT,2001-04-30,0.02455501031491414,2001-04-01
WMT,2001-05-31,1.9311126693288827e-4,2001-05-01
WMT,2001-06-29,-0.05565175554338109,2001-06-01
WMT,2001-07-31,0.1454914365953477,2001-07-01
WMT,2001-08-31,-0.14042931854211105,2001-08-01
WMT,2001-09-28,0.031769160928669216,2001-09-01
WMT,2001-10-31,0.03838389495263006,2001-10-01
WMT,2001-11-30,0.07295683728847413,2001-11-01
WMT,2001-12-31,0.044829157360076755,2001-12-01
WMT,2002-01-31,0.04222444368694278,2002-01-01
WMT,2002-02-28,0.03384447788476619,2002-02-01
WMT,2002-03-28,-0.010280178652959049,2002-03-01
WMT,2002-04-30,-0.08874332879199798,2002-04-01
WMT,2002-05-31,-0.03150756554304723,2002-05-01
WMT,2002-06-28,0.018124419322985252,2002-06-01
WMT,2002-07-31,-0.10598060813855703,2002-07-01
WMT,2002-08-30,0.08743432321812539,2002-08-01
WMT,2002-09-30,-0.07800775592128861,2002-09-01
WMT,2002-10-31,0.08753012463985033,2002-10-01
WMT,2002-11-29,0.006535866270185098,2002-11-01
WMT,2002-12-31,-0.061512415815641486,2002-12-01
WMT,2003-01-31,-0.05365244591114626,2003-01-01
WMT,2003-02-28,0.00543919663589798,2003-02-01
WMT,2003-03-31,0.08447310826198184,2003-03-01
WMT,2003-04-30,0.08245207885831274,2003-04-01
WMT,2003-05-30,-0.06587358150260181,2003-05-01
WMT,2003-06-30,0.021818882766395875,2003-06-01
WMT,2003-07-31,0.04173667982120732,2003-07-01
WMT,2003-08-29,0.058307726221492384,2003-08-01
WMT,2003-09-30,-0.056109336667242715,2003-09-01
WMT,2003-10-31,0.0571731367536612,2003-10-01
WMT,2003-11-28,-0.05614907424680393,2003-11-01
WMT,2003-12-31,-0.04487713464308152,2003-12-01
WMT,2004-01-30,0.015080865413333866,2004-01-01
WMT,2004-02-27,0.10603519829047636,2004-02-01
WMT,2004-03-31,0.004434876762801521,2004-03-01
WMT,2004-04-30,-0.045066031770803816,2004-04-01
WMT,2004-05-28,-0.019973556323802266,2004-05-01
WMT,2004-06-30,-0.05795800758630898,2004-06-01
WMT,2004-07-30,0.009714654811604273,2004-07-01
WMT,2004-08-31,-0.004058374375114471,2004-08-01
WMT,2004-09-30,0.01006245264390504,2004-09-01
WMT,2004-10-29,0.013533653143308788,2004-10-01
WMT,2004-11-30,-0.034495634412909926,2004-11-01
WMT,2004-12-31,0.01706919341609847,2004-12-01
WMT,2005-01-31,-0.007950705263256364,2005-01-01
WMT,2005-02-28,-0.015076993223214985,2005-02-01
WMT,2005-03-31,-0.026201561259780792,2005-03-01
WMT,2005-04-29,-0.05926909477252429,2005-04-01
WMT,2005-05-31,0.00511688627942819,2005-05-01
WMT,2005-06-30,0.020537467004345,2005-06-01
WMT,2005-07-29,0.02385876661432862,2005-07-01
WMT,2005-08-31,-0.08607447047874783,2005-08-01
WMT,2005-09-30,-0.02535578584962872,2005-09-01
WMT,2005-10-31,0.07964399483656326,2005-10-01
WMT,2005-11-30,0.02642129836050211,2005-11-01
WMT,2005-12-30,-0.033312486238554206,2005-12-01
WMT,2006-01-31,-0.014743935038935563,2006-01-01
WMT,2006-02-28,-0.016265036832778912,2006-02-01
WMT,2006-03-31,0.04530237721811847,2006-03-01
WMT,2006-04-28,-0.04678274765474366,2006-04-01
WMT,2006-05-31,0.07972302415228016,2006-05-01
WMT,2006-06-30,-0.005778958892067809,2006-06-01
WMT,2006-07-31,-0.07618853375861401,2006-07-01
WMT,2006-08-31,0.008747909515770536,2006-08-01
WMT,2006-09-29,0.10286254809435436,2006-09-01
WMT,2006-10-31,-8.11370160989977e-4,2006-10-01
WMT,2006-11-30,-0.06452905436530365,2006-11-01
WMT,2006-12-29,0.005435388736171554,2006-12-01
WMT,2007-01-31,0.032698324136608115,2007-01-01
WMT,2007-02-28,0.013000193324359088,2007-02-01
WMT,2007-03-30,-0.02349936089051541,2007-03-01
WMT,2007-04-30,0.02066047801097226,2007-04-01
WMT,2007-05-31,-0.002067576592406861,2007-05-01
WMT,2007-06-29,0.010714277808497874,2007-06-01
WMT,2007-07-31,-0.044896944024640506,2007-07-01
WMT,2007-08-31,-0.045698894896119,2007-08-01
WMT,2007-09-28,4.5847693577472093e-4,2007-09-01
WMT,2007-10-31,0.03573866416467708,2007-10-01
WMT,2007-11-30,0.05950024576146129,2007-11-01
WMT,2007-12-31,-0.003251639477307333,2007-12-01
WMT,2008-01-31,0.06753591998381747,2008-01-01
WMT,2008-02-29,-0.02266439032417311,2008-02-01
WMT,2008-03-31,0.0673660401108318,2008-03-01
WMT,2008-04-30,0.10060781242815242,2008-04-01
WMT,2008-05-30,6.241791077288283e-5,2008-05-01
WMT,2008-06-30,-0.02667178017310967,2008-06-01
WMT,2008-07-31,0.043061067044963375,2008-07-01
WMT,2008-08-29,0.011740000467253875,2008-08-01
WMT,2008-09-30,0.013881747856771876,2008-09-01
WMT,2008-10-31,-0.06812449176719626,2008-10-01
WMT,2008-11-28,0.0012540670974630075,2008-11-01
WMT,2008-12-31,0.007560921847367341,2008-12-01
WMT,2009-01-30,-0.15947159869325456,2009-01-01
WMT,2009-02-27,0.044991911243641214,2009-02-01
WMT,2009-03-31,0.06405113044249244,2009-03-01
WMT,2009-04-30,-0.03262984458894702,2009-04-01
WMT,2009-05-29,-0.007772912281088118,2009-05-01
WMT,2009-06-30,-0.026136095318581187,2009-06-01
WMT,2009-07-31,0.02972722971816477,2009-07-01
WMT,2009-08-31,0.02544221417477366,2009-08-01
WMT,2009-09-30,-0.034991629442147953,2009-09-01
WMT,2009-10-30,0.012019394416163065,2009-10-01
WMT,2009-11-30,0.09802683659515621,2009-11-01
WMT,2009-12-31,-0.015223599813043776,2009-12-01
WMT,2010-01-29,-3.74238084393852e-4,2010-01-01
WMT,2010-02-26,0.011978523724799128,2010-02-01
WMT,2010-03-31,0.03409236667080351,2010-03-01
WMT,2010-04-30,-0.035252079239124656,2010-04-01
WMT,2010-05-28,-0.05194403372228873,2010-05-01
WMT,2010-06-30,-0.04924797254717961,2010-06-01
WMT,2010-07-30,0.0649049760630318,2010-07-01
WMT,2010-08-31,-0.01479525534862991,2010-08-01
WMT,2010-09-30,0.06741100331777305,2010-09-01
WMT,2010-10-29,0.012145263174042853,2010-10-01
WMT,2010-11-30,-0.0014767413958827191,2010-11-01
WMT,2010-12-31,0.0025563385117615134,2010-12-01
WMT,2011-01-31,0.03968089613918768,2011-01-01
WMT,2011-02-28,-0.07294435038010638,2011-02-01
WMT,2011-03-31,0.008365078910758994,2011-03-01
WMT,2011-04-29,0.05629174064612208,2011-04-01
WMT,2011-05-31,0.011010883258658843,2011-05-01
WMT,2011-06-30,-0.037667646621540096,2011-06-01
WMT,2011-07-29,-0.008091720399523328,2011-07-01
WMT,2011-08-31,0.016406563624640436,2011-08-01
WMT,2011-09-30,-0.02425242834381669,2011-09-01
WMT,2011-10-31,0.0928706308185685,2011-10-01
WMT,2011-11-30,0.038433879436863716,2011-11-01
WMT,2011-12-30,0.020940834222018534,2011-12-01
WMT,2012-01-31,0.026773870416001655,2012-01-01
WMT,2012-02-29,-0.037157857722016185,2012-02-01
WMT,2012-03-30,0.04281722729007442,2012-03-01
WMT,2012-04-30,-0.03741829196903834,2012-04-01
WMT,2012-05-31,0.12487890590470152,2012-05-01
WMT,2012-06-29,0.0592531217868002,2012-06-01
WMT,2012-07-31,0.06755570234391661,2012-07-01
WMT,2012-08-31,-0.019311451735248952,2012-08-01
WMT,2012-09-28,0.01652870110045357,2012-09-01
WMT,2012-10-31,0.01653115950106754,2012-10-01
WMT,2012-11-30,-0.03998905195552849,2012-11-01
WMT,2012-12-31,-0.04736682515620738,2012-12-01
WMT,2013-01-31,0.02520853538873946,2013-01-01
WMT,2013-02-28,0.011865582464897217,2013-02-01
WMT,2013-03-28,0.06403997722800114,2013-03-01
WMT,2013-04-30,0.03862114134929162,2013-04-01
WMT,2013-05-31,-0.03128029539704469,2013-05-01
WMT,2013-06-28,-0.0046767264627306515,2013-06-01
WMT,2013-07-31,0.046314792300249374,2013-07-01
WMT,2013-08-30,-0.0579525868932983,2013-08-01
WMT,2013-09-30,0.013428323004072817,2013-09-01
WMT,2013-10-31,0.037723026775191126,2013-10-01
WMT,2013-11-29,0.055505140044940005,2013-11-01
WMT,2013-12-31,-0.022984365017557074,2013-12-01
WMT,2014-01-31,-0.05095943054217211,2014-01-01
WMT,2014-02-28,2.679459975261089e-4,2014-02-01
WMT,2014-03-31,0.029760348554156435,2014-03-01
WMT,2014-04-30,0.04291487409545014,2014-04-01
WMT,2014-05-30,-0.030920501480828033,2014-05-01
WMT,2014-06-30,-0.022144451649738772,2014-06-01
WMT,2014-07-31,-0.019848129617405563,2014-07-01
WMT,2014-08-29,0.0328541253973238,2014-08-01
WMT,2014-09-30,0.01284733870812893,2014-09-01
WMT,2014-10-31,-0.002615241368214005,2014-10-01
WMT,2014-11-28,0.1477644328019072,2014-11-01
WMT,2014-12-31,-0.013482102485905645,2014-12-01
WMT,2015-01-30,-0.010479491994023982,2015-01-01
WMT,2015-02-27,-0.012356166718754391,2015-02-01
WMT,2015-03-31,-0.01413024698805676,2015-03-01
WMT,2015-04-30,-0.05106398353533825,2015-04-01
WMT,2015-05-29,-0.04242494237189054,2015-05-01
WMT,2015-06-30,-0.04497135296567145,2015-06-01
WMT,2015-07-31,0.014804017069082409,2015-07-01
WMT,2015-08-31,-0.09458223936237287,2015-08-01
WMT,2015-09-30,0.0016994966949686052,2015-09-01
WMT,2015-10-30,-0.11721158863176684,2015-10-01
WMT,2015-11-30,0.02795258080841645,2015-11-01
WMT,2015-12-31,0.05053406697238905,2015-12-01
WMT,2016-01-29,0.08254523965948635,2016-01-01
WMT,2016-02-29,-3.0172633691938344e-4,2016-02-01
WMT,2016-03-31,0.04005162764772385,2016-03-01
WMT,2016-04-29,-0.023652965668011894,2016-04-01
WMT,2016-05-31,0.06622207375792466,2016-05-01
WMT,2016-06-30,0.03164717992364463,2016-06-01
WMT,2016-07-29,-6.84763481071271e-4,2016-07-01
WMT,2016-08-31,-0.014265697674472833,2016-08-01
WMT,2016-09-30,0.009518455632253842,2016-09-01
WMT,2016-10-31,-0.029117897819570637,2016-10-01
WMT,2016-11-30,0.005855439756746961,2016-11-01
WMT,2016-12-30,-0.011576073452110203,2016-12-01
WMT,2017-01-31,-0.034432545342713894,2017-01-01
WMT,2017-02-28,0.062780608305538,2017-02-01
WMT,2017-03-31,0.02368555044262788,2017-03-01
WMT,2017-04-28,0.04300749640991586,2017-04-01
WMT,2017-05-31,0.05248716379060814,2017-05-01
WMT,2017-06-30,-0.037150017057443585,2017-06-01
WMT,2017-07-31,0.05695028912697464,2017-07-01
WMT,2017-08-31,-0.017863535402403374,2017-08-01
WMT,2017-09-29,8.96275211690778e-4,2017-09-01
WMT,2017-10-31,0.11735364474618182,2017-10-01
WMT,2017-11-30,0.1136181580464426,2017-11-01
WMT,2017-12-29,0.020985554084889113,2017-12-01
WMT,2018-01-31,0.07949369306817422,2018-01-01
WMT,2018-02-28,-0.15562855539339204,2018-02-01
WMT,2018-03-29,-0.005661176657418943,2018-03-01
WMT,2018-04-30,-0.005732384958509695,2018-04-01
WMT,2018-05-31,-0.061044588876754124,2018-05-01
WMT,2018-06-29,0.037678707556123125,2018-06-01
WMT,2018-07-31,0.04179806028484512,2018-07-01
WMT,2018-08-31,0.0805419848019635,2018-08-01
WMT,2018-09-28,-0.020342198375276954,2018-09-01
WMT,2018-10-31,0.06783093114828342,2018-10-01
WMT,2018-11-30,-0.02622641367927281,2018-11-01
WMT,2018-12-31,-0.040877449606722016,2018-12-01
WMT,2019-01-31,0.02877087301624881,2019-01-01
WMT,2019-02-28,0.03297493746240665,2019-02-01
WMT,2019-03-29,-0.009447638277724768,2019-03-01
WMT,2019-04-30,0.05444452225002805,2019-04-01
WMT,2019-05-31,-0.00837308725168362,2019-05-01
WMT,2019-06-28,0.08921526891848885,2019-06-01
WMT,2019-07-31,-9.956638929061734e-4,2019-07-01
WMT,2019-08-30,0.040246986450128475,2019-08-01
WMT,2019-09-30,0.03868366721068206,2019-09-01
WMT,2019-10-31,-0.011965068364772957,2019-10-01
WMT,2019-11-29,0.015606180505253864,2019-11-01
WMT,2019-12-31,0.0023768476330201516,2019-12-01
WMT,2020-01-31,-0.0366035559843223,2020-01-01
WMT,2020-02-28,-0.059481351721725195,2020-02-01
WMT,2020-03-31,0.05983194861740815,2020-03-01
WMT,2020-04-30,0.06979415538520795,2020-04-01
WMT,2020-05-29,0.025139699212987088,2020-05-01
WMT,2020-06-30,-0.03449931537891082,2020-06-01
WMT,2020-07-31,0.08031369370122454,2020-07-01
WMT,2020-08-31,0.07744112818983684,2020-08-01
WMT,2020-09-30,0.007634013572589415,2020-09-01
WMT,2020-10-30,-0.008291022393480119,2020-10-01
WMT,2020-11-30,0.10118915090062153,2020-11-01
WMT,2020-12-31,-0.05309951706953253,2020-12-01
WMT,2021-01-29,-0.025390279939134786,2021-01-01
WMT,2021-02-26,-0.07523668026161334,2021-02-01
WMT,2021-03-31,0.04985452546077207,2021-03-01
WMT,2021-04-30,0.030037702345773187,2021-04-01
WMT,2021-05-28,0.01913943312301747,2021-05-01
WMT,2021-06-30,-0.007111381628421398,2021-06-01
WMT,2021-07-30,0.01084947353689869,2021-07-01
WMT,2021-08-31,0.04275686089937758,2021-08-01
WMT,2021-09-30,-0.058879156447932735,2021-09-01
WMT,2021-10-29,0.07203344794046296,2021-10-01
WMT,2021-11-30,-0.05882740943172515,2021-11-01
WMT,2021-12-31,0.03301245530899788,2021-12-01
WMT,2022-01-31,-0.03372709381384964,2022-01-01
WMT,2022-02-28,-0.033259508559424056,2022-02-01
WMT,2022-03-31,0.1060667188432245,2022-03-01
WMT,2022-04-29,0.02733002234470905,2022-04-01
WMT,2022-05-31,-0.15616980919803514,2022-05-01
WMT,2022-06-30,-0.054808231206010305,2022-06-01
WMT,2022-07-29,0.08611606504295688,2022-07-01
WMT,2022-08-31,0.008157982627361227,2022-08-01
WMT,2022-09-30,-0.02150108462538647,2022-09-01
WMT,2022-10-31,0.09737829862191338,2022-10-01
WMT,2022-11-30,0.07089154164826894,2022-11-01
WMT,2022-12-30,-0.06623441491463644,2022-12-01
WMT,2023-01-31,0.014669483144522433,2023-01-01
WMT,2023-02-28,-0.012094263430668994,2023-02-01
WMT,2023-03-31,0.04168274125882587,2023-03-01
WMT,2023-04-28,0.02387243077769674,2023-04-01
WMT,2023-05-31,-0.023462167391021693,2023-05-01
WMT,2023-06-30,0.07019803856249918,2023-06-01
WMT,2023-07-31,0.017050427463406903,2023-07-01
WMT,2023-08-31,0.020818790782933805,2023-08-01
WMT,2023-09-29,-0.016481077809614497,2023-09-01
WMT,2023-10-31,0.02175932425104654,2023-10-01
WMT,2023-11-30,-0.047243065011893015,2023-11-01
WMT,2023-12-29,0.01634990281876414,2023-12-01
WMT,2024-01-31,0.048208032171677795,2024-01-01
WMT,2024-02-29,0.06402427453626691,2024-02-01
WMT,2024-03-28,0.030113078378590785,2024-03-01
WMT,2024-04-30,-0.013628065972159042,2024-04-01
WMT,2024-05-31,0.1118386609675408,2024-05-01
WMT,2024-06-28,0.02965334180021051,2024-06-01
WMT,2024-07-31,0.0137351943630164,2024-07-01
WMT,2024-08-30,0.1283524569361405,2024-08-01
WMT,2024-09-30,0.04557831361295839,2024-09-01
WMT,2024-10-31,0.01486067521708434,2024-10-01
WMT,2024-11-29,0.12873694888704534,2024-11-01
WMT,2024-12-30,-0.018695480369048556,2024-12-01
DIS,2000-01-31,0.21548078928772973,2000-01-01
DIS,2000-02-29,-0.06368336261351515,2000-02-01
DIS,2000-03-31,0.21323542663185413,2000-03-01
DIS,2000-04-28,0.05757556071194303,2000-04-01
DIS,2000-05-31,-0.03295126568504958,2000-05-01
DIS,2000-06-30,-0.08000014223008212,2000-06-01
DIS,2000-07-31,-0.006441100412409639,2000-07-01
DIS,2000-08-31,0.010129571430963935,2000-08-01
DIS,2000-09-29,-0.018050594769930428,2000-09-01
DIS,2000-10-31,-0.06372536702931886,2000-10-01
DIS,2000-11-30,-0.19197199724453662,2000-11-01
DIS,2000-12-29,0.0068903316843056395,2000-12-01
DIS,2001-01-31,0.052267925737771836,2001-01-01
DIS,2001-02-28,0.01642037336693747,2001-02-01
DIS,2001-03-30,-0.07592907880575073,2001-03-01
DIS,2001-04-30,0.05769242145150111,2001-04-01
DIS,2001-05-31,0.045289030002197084,2001-05-01
DIS,2001-06-29,-0.08633752383666038,2001-06-01
DIS,2001-07-31,-0.08791968441404985,2001-07-01
DIS,2001-08-31,-0.034914805429177354,2001-08-01
DIS,2001-09-28,-0.267794014991813,2001-09-01
DIS,2001-10-31,-0.0016110829488025225,2001-10-01
DIS,2001-11-30,0.10112941490961336,2001-11-01
DIS,2001-12-31,0.022954554958631634,2001-12-01
DIS,2002-01-31,0.016409061838966066,2002-01-01
DIS,2002-02-28,0.09211804215065689,2002-02-01
DIS,2002-03-28,0.0034777252528610525,2002-03-01
DIS,2002-04-30,0.004333146263010512,2002-04-01
DIS,2002-05-31,-0.011648349705740801,2002-05-01
DIS,2002-06-28,-0.17503252762257704,2002-06-01
DIS,2002-07-31,-0.06190481415566995,2002-07-01
DIS,2002-08-30,-0.11562335051655714,2002-08-01
DIS,2002-09-30,-0.0344387067094053,2002-09-01
DIS,2002-10-31,0.10303824262207217,2002-10-01
DIS,2002-11-29,0.18682646242971757,2002-11-01
DIS,2002-12-31,-0.16682585477014988,2002-12-01
DIS,2003-01-31,0.07296118149761166,2003-01-01
DIS,2003-02-28,-0.02514252828972474,2003-02-01
DIS,2003-03-31,-0.002344779082016024,2003-03-01
DIS,2003-04-30,0.09635746737059603,2003-04-01
DIS,2003-05-30,0.05305409372048109,2003-05-01
DIS,2003-06-30,0.005089337822191897,2003-06-01
DIS,2003-07-31,0.10987369445135498,2003-07-01
DIS,2003-08-29,-0.06478158213937757,2003-08-01
DIS,2003-09-30,-0.016096916761461633,2003-09-01
DIS,2003-10-31,0.12245867523641452,2003-10-01
DIS,2003-11-28,0.019876321814423337,2003-11-01
DIS,2003-12-31,0.019999508362119167,2003-12-01
DIS,2004-01-30,0.028718602666392812,2004-01-01
DIS,2004-02-27,0.10541651167424004,2004-02-01
DIS,2004-03-31,-0.058047496321168235,2004-03-01
DIS,2004-04-30,-0.07843143009130105,2004-04-01
DIS,2004-05-28,0.01910553192248199,2004-05-01
DIS,2004-06-30,0.08606746780892371,2004-06-01
DIS,2004-07-30,-0.09415463291288806,2004-07-01
DIS,2004-08-31,-0.027717534058008364,2004-08-01
DIS,2004-09-30,0.004454123507874108,2004-09-01
DIS,2004-10-29,0.11840364766551792,2004-10-01
DIS,2004-11-30,0.06582093504658637,2004-11-01
DIS,2004-12-31,0.04346711828127914,2004-12-01
DIS,2005-01-31,0.029856205837283323,2005-01-01
DIS,2005-02-28,-0.024100640427544118,2005-02-01
DIS,2005-03-31,0.028274878021538052,2005-03-01
DIS,2005-04-29,-0.0810997371558504,2005-04-01
DIS,2005-05-31,0.039393723300283456,2005-05-01
DIS,2005-06-30,-0.0823611560821853,2005-06-01
DIS,2005-07-29,0.01826811179603305,2005-07-01
DIS,2005-08-31,-0.017550572296545663,2005-08-01
DIS,2005-09-30,-0.0420802052526843,2005-09-01
DIS,2005-10-31,0.009946117415475575,2005-10-01
DIS,2005-11-30,0.022978657235609434,2005-11-01
DIS,2005-12-30,-0.028286837178807644,2005-12-01
DIS,2006-01-31,0.05590302962896887,2006-01-01
DIS,2006-02-28,0.10588705230793605,2006-02-01
DIS,2006-03-31,-0.0035725974325092613,2006-03-01
DIS,2006-04-28,0.0025098706133246385,2006-04-01
DIS,2006-05-31,0.09084407269919814,2006-05-01
DIS,2006-06-30,-0.016393577925618685,2006-06-01
DIS,2006-07-31,-0.010333183493661746,2006-07-01
DIS,2006-08-31,-0.0013473758873494557,2006-08-01
DIS,2006-09-29,0.04249596478997253,2006-09-01
DIS,2006-10-31,0.017793445254964846,2006-10-01
DIS,2006-11-30,0.050540299153505996,2006-11-01
DIS,2006-12-29,0.04630443954141028,2006-12-01
DIS,2007-01-31,0.026262035492340186,2007-01-01
DIS,2007-02-28,-0.026158535110684555,2007-02-01
DIS,2007-03-30,0.005255251557613194,2007-03-01
DIS,2007-04-30,0.01597475219860378,2007-04-01
DIS,2007-05-31,0.013150341077908356,2007-05-01
DIS,2007-06-29,-0.023499121265966982,2007-06-01
DIS,2007-07-31,-0.03339186303500574,2007-07-01
DIS,2007-08-31,0.01818154182793008,2007-08-01
DIS,2007-09-28,0.0235120257990169,2007-09-01
DIS,2007-10-31,0.006978845096791808,2007-10-01
DIS,2007-11-30,-0.04273753252310242,2007-11-01
DIS,2007-12-31,-0.015725240818358244,2007-12-01
DIS,2008-01-31,-0.0755887261511019,2008-01-01
DIS,2008-02-29,0.08612594937289209,2008-02-01
DIS,2008-03-31,-0.03178021579882284,2008-03-01
DIS,2008-04-30,0.033460684729958334,2008-04-01
DIS,2008-05-30,0.03607759258963994,2008-05-01
DIS,2008-06-30,-0.07142853199329091,2008-06-01
DIS,2008-07-31,-0.027243381551374513,2008-07-01
DIS,2008-08-29,0.06589790690458885,2008-08-01
DIS,2008-09-30,-0.05131379559019178,2008-09-01
DIS,2008-10-31,-0.1557510206206434,2008-10-01
DIS,2008-11-28,-0.13083769311609994,2008-11-01
DIS,2008-12-31,0.022651386787238437,2008-12-01
DIS,2009-01-30,-0.0885855754363224,2009-01-01
DIS,2009-02-27,-0.18907122949386257,2009-02-01
DIS,2009-03-31,0.08288618635988754,2009-03-01
DIS,2009-04-30,0.20594720161196634,2009-04-01
DIS,2009-05-29,0.10593561492046732,2009-05-01
DIS,2009-06-30,-0.03674627159346089,2009-06-01
DIS,2009-07-31,0.0767252417627915,2009-07-01
DIS,2009-08-31,0.0366240132416602,2009-08-01
DIS,2009-09-30,0.05453162633069142,2009-09-01
DIS,2009-10-30,-0.003277323026178891,2009-10-01
DIS,2009-11-30,0.10412848302046052,2009-11-01
DIS,2009-12-31,0.0794809520148454,2009-12-01
DIS,2010-01-29,-0.08372111915379965,2010-01-01
DIS,2010-02-26,0.05719108007443663,2010-02-01
DIS,2010-03-31,0.11747791758002757,2010-03-01
DIS,2010-04-30,0.05528477796330877,2010-04-01
DIS,2010-05-28,-0.09283369689708121,2010-05-01
DIS,2010-06-30,-0.05745103481347835,2010-06-01
DIS,2010-07-30,0.06952411851060503,2010-07-01
DIS,2010-08-31,-0.03413473279753554,2010-08-01
DIS,2010-09-30,0.0172095442171758,2010-09-01
DIS,2010-10-29,0.09154096368705944,2010-10-01
DIS,2010-11-30,0.010517330726228291,2010-11-01
DIS,2010-12-31,0.03862724450172128,2010-12-01
DIS,2011-01-31,0.03625719848552622,2011-01-01
DIS,2011-02-28,0.12528970475346846,2011-02-01
DIS,2011-03-31,-0.01486058882969965,2011-03-01
DIS,2011-04-29,2.31546745741662e-4,2011-04-01
DIS,2011-05-31,-0.03410651836177081,2011-05-01
DIS,2011-06-30,-0.06221444916218388,2011-06-01
DIS,2011-07-29,-0.01075832084586037,2011-07-01
DIS,2011-08-31,-0.11807353406167909,2011-08-01
DIS,2011-09-30,-0.11450388689237323,2011-09-01
DIS,2011-10-31,0.15649881422503298,2011-10-01
DIS,2011-11-30,0.027809669404617487,2011-11-01
DIS,2011-12-30,0.0635904364921025,2011-12-01
DIS,2012-01-31,0.037333300522224055,2012-01-01
DIS,2012-02-29,0.07943462287594416,2012-02-01
DIS,2012-03-30,0.04262911774875611,2012-03-01
DIS,2012-04-30,-0.015303822568041858,2012-04-01
DIS,2012-05-31,0.06031067641312182,2012-05-01
DIS,2012-06-29,0.06103718091244725,2012-06-01
DIS,2012-07-31,0.013195718766651598,2012-07-01
DIS,2012-08-31,0.006715461129493505,2012-08-01
DIS,2012-09-28,0.056802179566977085,2012-09-01
DIS,2012-10-31,-0.060443849042977504,2012-10-01
DIS,2012-11-30,0.010993468331233824,2012-11-01
DIS,2012-12-31,0.018014516737891118,2012-12-01
DIS,2013-01-31,0.08214488182241575,2013-01-01
DIS,2013-02-28,0.013177397741065633,2013-02-01
DIS,2013-03-28,0.04048360370525317,2013-03-01
DIS,2013-04-30,0.10633804303243632,2013-04-01
DIS,2013-05-31,0.0038192690612552926,2013-05-01
DIS,2013-06-28,0.001109620837352443,2013-06-01
DIS,2013-07-31,0.023753065328382617,2013-07-01
DIS,2013-08-30,-0.059087443557586994,2013-08-01
DIS,2013-09-30,0.060167705368569635,2013-09-01
DIS,2013-10-31,0.06357575103970903,2013-10-01
DIS,2013-11-29,0.02842970527980504,2013-11-01
DIS,2013-12-31,0.09644490661455363,2013-12-01
DIS,2014-01-31,-0.04960733939368711,2014-01-01
DIS,2014-02-28,0.11293190871422065,2014-02-01
DIS,2014-03-31,-0.009157329519225432,2014-03-01
DIS,2014-04-30,-0.009117023658792744,2014-04-01
DIS,2014-05-30,0.05886068357950669,2014-05-01
DIS,2014-06-30,0.020592872394009643,2014-06-01
DIS,2014-07-31,0.0016326576199696685,2014-07-01
DIS,2014-08-29,0.04657675867272171,2014-08-01
DIS,2014-09-30,-0.009457173787721151,2014-09-01
DIS,2014-10-31,0.026395793713888782,2014-10-01
DIS,2014-11-28,0.012365900020163911,2014-11-01
DIS,2014-12-31,0.0311011066475102,2014-12-01
DIS,2015-01-30,-0.03429266652545859,2015-01-01
DIS,2015-02-27,0.14423925868776322,2015-02-01
DIS,2015-03-31,0.00778259230248568,2015-03-01
DIS,2015-04-30,0.03651448888762965,2015-04-01
DIS,2015-05-29,0.01517672318462071,2015-05-01
DIS,2015-06-30,0.034157606949539954,2015-06-01
DIS,2015-07-31,0.05745516362619085,2015-07-01
DIS,2015-08-31,-0.15100003252707006,2015-08-01
DIS,2015-09-30,0.0031410249597083606,2015-09-01
DIS,2015-10-30,0.1129156836610421,2015-10-01
DIS,2015-11-30,-0.0023737972342475766,2015-11-01
DIS,2015-12-31,-0.06800391038371101,2015-12-01
DIS,2016-01-29,-0.08812320872783519,2016-01-01
DIS,2016-02-29,-0.0031309081539924177,2016-02-01
DIS,2016-03-31,0.0396773040668974,2016-03-01
DIS,2016-04-29,0.03977444468455027,2016-04-01
DIS,2016-05-31,-0.03912449515875005,2016-05-01
DIS,2016-06-30,-0.01410995173924412,2016-06-01
DIS,2016-07-29,-0.011991662111386914,2016-07-01
DIS,2016-08-31,-0.015528876827625382,2016-08-01
DIS,2016-09-30,-0.016938229077398392,2016-09-01
DIS,2016-10-31,-0.0018307802935241257,2016-10-01
DIS,2016-11-30,0.06937117852513697,2016-11-01
DIS,2016-12-30,0.05955603102701912,2016-12-01
DIS,2017-01-31,0.06169650405767535,2017-01-01
DIS,2017-02-28,-0.005061281729459188,2017-02-01
DIS,2017-03-31,0.029975730736948814,2017-03-01
DIS,2017-04-28,0.019490031601813618,2017-04-01
DIS,2017-05-31,-0.06626277575133344,2017-05-01
DIS,2017-06-30,-0.015656944753181357,2017-06-01
DIS,2017-07-31,0.042332071258102344,2017-07-01
DIS,2017-08-31,-0.0794142483370811,2017-08-01
DIS,2017-09-29,-0.025988086567151902,2017-09-01
DIS,2017-10-31,-0.0077102028846586235,2017-10-01
DIS,2017-11-30,0.07166962468016469,2017-11-01
DIS,2017-12-29,0.033913978666985756,2017-12-01
DIS,2018-01-31,0.010789497550047988,2018-01-01
DIS,2018-02-28,-0.05070379747966458,2018-02-01
DIS,2018-03-29,-0.02636684043975457,2018-03-01
DIS,2018-04-30,-0.0010952835459989707,2018-04-01
DIS,2018-05-31,-0.008571547469004681,2018-05-01
DIS,2018-06-29,0.05368433519797389,2018-06-01
DIS,2018-07-31,0.09219392982670671,2018-07-01
DIS,2018-08-31,-0.013561175386216151,2018-08-01
DIS,2018-09-28,0.043920665037554985,2018-09-01
DIS,2018-10-31,-0.01804345714637745,2018-10-01
DIS,2018-11-30,0.0057477639914671474,2018-11-01
DIS,2018-12-31,-0.043202640985384844,2018-12-01
DIS,2019-01-31,0.017054175158075502,2019-01-01
DIS,2019-02-28,0.01183632274488522,2019-02-01
DIS,2019-03-29,-0.016040179966472445,2019-03-01
DIS,2019-04-30,0.2336304384724348,2019-04-01
DIS,2019-05-31,-0.035993410691645966,2019-05-01
DIS,2019-06-28,0.057558347404207844,2019-06-01
DIS,2019-07-31,0.030475678311232324,2019-07-01
DIS,2019-08-30,-0.04020682127152686,2019-08-01
DIS,2019-09-30,-0.050560887962550205,2019-09-01
DIS,2019-10-31,-0.0030694103684003604,2019-10-01
DIS,2019-11-29,0.16671776673994532,2019-11-01
DIS,2019-12-31,-0.04013379253842553,2019-12-01
DIS,2020-01-31,-0.04369750258324945,2020-01-01
DIS,2020-02-28,-0.14937462429155168,2020-02-01
DIS,2020-03-31,-0.17892055569604903,2020-03-01
DIS,2020-04-30,0.11956514478691993,2020-04-01
DIS,2020-05-29,0.08460481719234036,2020-05-01
DIS,2020-06-30,-0.049360667100115774,2020-06-01
DIS,2020-07-31,0.04869515366581245,2020-07-01
DIS,2020-08-31,0.12767224790571485,2020-08-01
DIS,2020-09-30,-0.05907319556384305,2020-09-01
DIS,2020-10-30,-0.022807882698113846,2020-10-01
DIS,2020-11-30,0.22070089463372922,2020-11-01
DIS,2020-12-31,0.2241065308940826,2020-12-01
DIS,2021-01-29,-0.07180711321025635,2021-01-01
DIS,2021-02-26,0.12410064704936619,2021-02-01
DIS,2021-03-31,-0.023910148690729827,2021-03-01
DIS,2021-04-30,0.008129119529469486,2021-04-01
DIS,2021-05-28,-0.03961936898046359,2021-05-01
DIS,2021-06-30,-0.016120825409376538,2021-06-01
DIS,2021-07-30,0.001422194652999309,2021-07-01
DIS,2021-08-31,0.02999658993514087,2021-08-01
DIS,2021-09-30,-0.0669057805027693,2021-09-01
DIS,2021-10-29,-5.909233540221104e-4,2021-10-01
DIS,2021-11-30,-0.14295871134561378,2021-11-01
DIS,2021-12-31,0.06894427059370933,2021-12-01
DIS,2022-01-31,-0.0769579200624757,2022-01-01
DIS,2022-02-28,0.038399700236600776,2022-02-01
DIS,2022-03-31,-0.0761147165267021,2022-03-01
DIS,2022-04-29,-0.1861330686042194,2022-04-01
DIS,2022-05-31,-0.01066012755469603,2022-05-01
DIS,2022-06-30,-0.14523725363468087,2022-06-01
DIS,2022-07-29,0.12394065783327202,2022-07-01
DIS,2022-08-31,0.05636186018101297,2022-08-01
DIS,2022-09-30,-0.15836890240156587,2022-09-01
DIS,2022-10-31,0.12943908093803813,2022-10-01
DIS,2022-11-30,-0.08137788899903675,2022-11-01
DIS,2022-12-30,-0.11229169165814679,2022-12-01
DIS,2023-01-31,0.24873371243162712,2023-01-01
DIS,2023-02-28,-0.08185076740443609,2023-02-01
DIS,2023-03-31,0.0052202055235226474,2023-03-01
DIS,2023-04-28,0.0236694109712563,2023-04-01
DIS,2023-05-31,-0.14185366367454055,2023-05-01
DIS,2023-06-30,0.015006819085567003,2023-06-01
DIS,2023-07-31,-0.004368437186396457,2023-07-01
DIS,2023-08-31,-0.05861166020588915,2023-08-01
DIS,2023-09-29,-0.03142923478252524,2023-09-01
DIS,2023-10-31,0.006662495810697555,2023-10-01
DIS,2023-11-30,0.13604611508440612,2023-11-01
DIS,2023-12-29,-0.022718102159850928,2023-12-01
DIS,2024-01-31,0.06379450023028777,2024-01-01
DIS,2024-02-29,0.1616865631275486,2024-02-01
DIS,2024-03-28,0.096612294258267,2024-03-01
DIS,2024-04-30,-0.09202350719076169,2024-04-01
DIS,2024-05-31,-0.06471642208305184,2024-05-01
DIS,2024-06-28,-0.04446169963305924,2024-06-01
DIS,2024-07-31,-0.052047009151955814,2024-07-01
DIS,2024-08-30,-0.035329339371303004,2024-08-01
DIS,2024-09-30,0.06428407855726848,2024-09-01
DIS,2024-10-31,1.040542861436844e-4,2024-10-01
DIS,2024-11-29,0.2211017666774282,2024-11-01
DIS,2024-12-30,-0.05260093286384415,2024-12-01
IBM,2000-01-31,-0.03232719228927272,2000-01-01
IBM,2000-02-29,-0.08366896533749923,2000-02-01
IBM,2000-03-31,0.1520676481469998,2000-03-01
IBM,2000-04-28,-0.05807794043971215,2000-04-01
IBM,2000-05-31,-0.03639474031864576,2000-05-01
IBM,2000-06-30,0.02096673749220268,2000-06-01
IBM,2000-07-31,0.02452983679743359,2000-07-01
IBM,2000-08-31,0.17740150370599905,2000-08-01
IBM,2000-09-29,-0.14688155411649728,2000-09-01
IBM,2000-10-31,-0.12541628292387852,2000-10-01
IBM,2000-11-30,-0.049553630290358086,2000-11-01
IBM,2000-12-29,-0.09090981394897524,2000-12-01
IBM,2001-01-31,0.3176479201594673,2001-01-01
IBM,2001-02-28,-0.10701899674661586,2001-02-01
IBM,2001-03-30,-0.03723751838998257,2001-03-01
IBM,2001-04-30,0.19713051563927997,2001-04-01
IBM,2001-05-31,-0.0278340698881131,2001-05-01
IBM,2001-06-29,0.015205832848091516,2001-06-01
IBM,2001-07-31,-0.07303916249637998,2001-07-01
IBM,2001-08-31,-0.048742014301754955,2001-08-01
IBM,2001-09-28,-0.08234149263253465,2001-09-01
IBM,2001-10-31,0.1782607701137373,2001-10-01
IBM,2001-11-30,0.07090395043955433,2001-11-01
IBM,2001-12-31,0.04645705305142522,2001-12-01
IBM,2002-01-31,-0.10805199816542521,2002-01-01
IBM,2002-02-28,-0.08935613969728218,2002-02-01
IBM,2002-03-28,0.05992638801048855,2002-03-01
IBM,2002-04-30,-0.19461525756810516,2002-04-01
IBM,2002-05-31,-0.037630435880975255,2002-05-01
IBM,2002-06-28,-0.10503444861467248,2002-06-01
IBM,2002-07-31,-0.02222158000738239,2002-07-01
IBM,2002-08-30,0.07310845279436462,2002-08-01
IBM,2002-09-30,-0.22645228125149341,2002-09-01
IBM,2002-10-31,0.3537983863762353,2002-10-01
IBM,2002-11-29,0.10311532062249484,2002-11-01
IBM,2002-12-31,-0.10837554207698863,2002-12-01
IBM,2003-01-31,0.009032104214975245,2003-01-01
IBM,2003-02-28,-0.0012579993262059608,2003-02-01
IBM,2003-03-31,0.006158218666019177,2003-03-01
IBM,2003-04-30,0.08249343656394781,2003-04-01
IBM,2003-05-30,0.03888447704361764,2003-05-01
IBM,2003-06-30,-0.06292623912756623,2003-06-01
IBM,2003-07-31,-0.015151604283942133,2003-07-01
IBM,2003-08-29,0.011380832067258373,2003-08-01
IBM,2003-09-30,0.07706364617974604,2003-09-01
IBM,2003-10-31,0.01301963450777599,2003-10-01
IBM,2003-11-28,0.013678683680375503,2003-11-01
IBM,2003-12-31,0.023635826560585604,2003-12-01
IBM,2004-01-30,0.07067341307444686,2004-01-01
IBM,2004-02-27,-0.025935068710565834,2004-02-01
IBM,2004-03-31,-0.04829047553034538,2004-03-01
IBM,2004-04-30,-0.03996056626799116,2004-04-01
IBM,2004-05-28,0.006800578777838906,2004-05-01
IBM,2004-06-30,-0.004966789102254454,2004-06-01
IBM,2004-07-30,-0.012251558345725222,2004-07-01
IBM,2004-08-31,-0.0252749366172631,2004-08-01
IBM,2004-09-30,0.012398372518775957,2004-09-01
IBM,2004-10-29,0.04676917469062403,2004-10-01
IBM,2004-11-30,0.0520575611446461,2004-11-01
IBM,2004-12-31,0.04605309835774918,2004-12-01
IBM,2005-01-31,-0.0523427806153941,2005-01-01
IBM,2005-02-28,-0.007101794038761322,2005-02-01
IBM,2005-03-31,-0.012961673515153427,2005-03-01
IBM,2005-04-29,-0.16414964030261048,2005-04-01
IBM,2005-05-31,-0.008239531460178529,2005-05-01
IBM,2005-06-30,-0.017868936581485362,2005-06-01
IBM,2005-07-29,0.12479738958607256,2005-07-01
IBM,2005-08-31,-0.031704618264399076,2005-08-01
IBM,2005-09-30,-0.00496166815161192,2005-09-01
IBM,2005-10-31,0.020692942392377178,2005-10-01
IBM,2005-11-30,0.088338783322921,2005-11-01
IBM,2005-12-30,-0.07536596067169243,2005-12-01
IBM,2006-01-31,-0.010948385566076357,2006-01-01
IBM,2006-02-28,-0.01056002221228447,2006-02-01
IBM,2006-03-31,0.027791481402003937,2006-03-01
IBM,2006-04-28,-0.0015763956942086432,2006-04-01
IBM,2006-05-31,-0.02612494273972632,2006-05-01
IBM,2006-06-30,-0.038548052692017665,2006-06-01
IBM,2006-07-31,0.007680472658887716,2006-07-01
IBM,2006-08-31,0.05016038373530485,2006-08-01
IBM,2006-09-29,0.011979404474969924,2006-09-01
IBM,2006-10-31,0.12680040699801043,2006-10-01
IBM,2006-11-30,-0.0012098983060938595,2006-11-01
IBM,2006-12-29,0.056897092540283634,2006-12-01
IBM,2007-01-31,0.02058673718238979,2007-01-01
IBM,2007-02-28,-0.05980727583684331,2007-02-01
IBM,2007-03-30,0.014202345894684276,2007-03-01
IBM,2007-04-30,0.08434126277636933,2007-04-01
IBM,2007-05-31,0.047010691080599853,2007-05-01
IBM,2007-06-29,-0.012664131953771474,2007-06-01
IBM,2007-07-31,0.05130634752701457,2007-07-01
IBM,2007-08-31,0.05831470887580803,2007-08-01
IBM,2007-09-28,0.009512699920656509,2007-09-01
IBM,2007-10-31,-0.01426058154813914,2007-10-01
IBM,2007-11-30,-0.09100045351381847,2007-11-01
IBM,2007-12-31,0.027761623443157912,2007-12-01
IBM,2008-01-31,-0.009157801081887351,2008-01-01
IBM,2008-02-29,0.06708338656622881,2008-02-01
IBM,2008-03-31,0.01124209239795615,2008-03-01
IBM,2008-04-30,0.04828850770331283,2008-04-01
IBM,2008-05-30,0.07671164084704851,2008-05-01
IBM,2008-06-30,-0.08421519236089337,2008-06-01
IBM,2008-07-31,0.07972634577294202,2008-07-01
IBM,2008-08-29,-0.04513083464202694,2008-08-01
IBM,2008-09-30,-0.039184725967378875,2008-09-01
IBM,2008-10-31,-0.20511322025100176,2008-10-01
IBM,2008-11-28,-0.11739065254679004,2008-11-01
IBM,2008-12-31,0.031372665178275305,2008-12-01
IBM,2009-01-30,0.08899661684827231,2009-01-01
IBM,2009-02-27,0.009609157882820574,2009-02-01
IBM,2009-03-31,0.052808650408086466,2009-03-01
IBM,2009-04-30,0.0652289628649636,2009-04-01
IBM,2009-05-29,0.03512334320212451,2009-05-01
IBM,2009-06-30,-0.01750094355255205,2009-06-01
IBM,2009-07-31,0.12938197679398922,2009-07-01
IBM,2009-08-31,0.005686433842837735,2009-08-01
IBM,2009-09-30,0.013214630286190632,2009-09-01
IBM,2009-10-30,0.008360081856659596,2009-10-01
IBM,2009-11-30,0.052293453020303415,2009-11-01
IBM,2009-12-31,0.03601070626695524,2009-12-01
IBM,2010-01-29,-0.06501110516673958,2010-01-01
IBM,2010-02-26,0.04362058773279842,2010-02-01
IBM,2010-03-31,0.008571605475539812,2010-03-01
IBM,2010-04-30,0.005848215246652577,2010-04-01
IBM,2010-05-28,-0.02401545332339916,2010-05-01
IBM,2010-06-30,-0.014209898668528176,2010-06-01
IBM,2010-07-30,0.039844039202184156,2010-07-01
IBM,2010-08-31,-0.036292125929083485,2010-08-01
IBM,2010-09-30,0.08941800110186104,2010-09-01
IBM,2010-10-29,0.07052322205477224,2010-10-01
IBM,2010-11-30,-0.010524671206587621,2010-11-01
IBM,2010-12-31,0.03746628492641202,2010-12-01
IBM,2011-01-31,0.10384296653327296,2011-01-01
IBM,2011-02-28,0.0032161683842215627,2011-02-01
IBM,2011-03-31,0.007350957123488211,2011-03-01
IBM,2011-04-29,0.046053383004141635,2011-04-01
IBM,2011-05-31,-0.005243949177173746,2011-05-01
IBM,2011-06-30,0.015509527036431159,2011-06-01
IBM,2011-07-29,0.06004080197449202,2011-07-01
IBM,2011-08-31,-0.05054419710441316,2011-08-01
IBM,2011-09-30,0.017218421817809082,2011-09-01
IBM,2011-10-31,0.05581286275429442,2011-10-01
IBM,2011-11-30,0.022346224392260305,2011-11-01
IBM,2011-12-30,-0.0219152944374833,2011-12-01
IBM,2012-01-31,0.04742203751464369,2012-01-01
IBM,2012-02-29,0.02542110151514887,2012-02-01
IBM,2012-03-30,0.06059089795927686,2012-03-01
IBM,2012-04-30,-0.0075244581549407386,2012-04-01
IBM,2012-05-31,-0.06457363154510154,2012-05-01
IBM,2012-06-29,0.013893082324808681,2012-06-01
IBM,2012-07-31,0.0020454812333345895,2012-07-01
IBM,2012-08-31,-0.0015212886089084332,2012-08-01
IBM,2012-09-28,0.06466563076836618,2012-09-01
IBM,2012-10-31,-0.06227998916869748,2012-10-01
IBM,2012-11-30,-0.01865090791078694,2012-11-01
IBM,2012-12-31,0.007786458671780849,2012-12-01
IBM,2013-01-31,0.06014105808492176,2013-01-01
IBM,2013-02-28,-0.0068679225474720385,2013-02-01
IBM,2013-03-28,0.062092370827451004,2013-03-01
IBM,2013-04-30,-0.05044550930059655,2013-04-01
IBM,2013-05-31,0.03187039855737317,2013-05-01
IBM,2013-06-28,-0.08128999836947282,2013-06-01
IBM,2013-07-31,0.02056338816624992,2013-07-01
IBM,2013-08-30,-0.060801523532883595,2013-08-01
IBM,2013-09-30,0.01596498757256115,2013-09-01
IBM,2013-10-31,-0.032239029475784164,2013-10-01
IBM,2013-11-29,0.008007126311387003,2013-11-01
IBM,2013-12-31,0.04391130445247793,2013-12-01
IBM,2014-01-31,-0.05805818259740203,2014-01-01
IBM,2014-02-28,0.05379853596221884,2014-02-01
IBM,2014-03-31,0.039531182371904894,2014-03-01
IBM,2014-04-30,0.020676225654235214,2014-04-01
IBM,2014-05-30,-0.056174285489146825,2014-05-01
IBM,2014-06-30,-0.016760852608624588,2014-06-01
IBM,2014-07-31,0.05737331540560908,2014-07-01
IBM,2014-08-29,0.009220194721174968,2014-08-01
IBM,2014-09-30,-0.012844480877340803,2014-09-01
IBM,2014-10-31,-0.1339617834429654,2014-10-01
IBM,2014-11-28,-0.006813416241564729,2014-11-01
IBM,2014-12-31,-0.010667664792194942,2014-12-01
IBM,2015-01-30,-0.04444062451791797,2015-01-01
IBM,2015-02-27,0.06370093080471495,2015-02-01
IBM,2015-03-31,-0.008892068538514541,2015-03-01
IBM,2015-04-30,0.06722727914915505,2015-04-01
IBM,2015-05-29,-0.0020789002654865163,2015-05-01
IBM,2015-06-30,-0.041202486701194974,2015-06-01
IBM,2015-07-31,-0.004118650284304359,2015-07-01
IBM,2015-08-31,-0.0794642980070367,2015-08-01
IBM,2015-09-30,-0.019743865207671907,2015-09-01
IBM,2015-10-30,-0.033731311686637566,2015-10-01
IBM,2015-11-30,0.004624389888534308,2015-11-01
IBM,2015-12-31,-0.0129105510676647,2015-12-01
IBM,2016-01-29,-0.0932277339514408,2016-01-01
IBM,2016-02-29,0.06072940861888676,2016-02-01
IBM,2016-03-31,0.15584195699701708,2016-03-01
IBM,2016-04-29,-0.03638141999507982,2016-04-01
IBM,2016-05-31,0.06361283378996507,2016-05-01
IBM,2016-06-30,-0.012748706815473687,2016-06-01
IBM,2016-07-29,0.05824234968476083,2016-07-01
IBM,2016-08-31,-0.0022906380392138104,2016-08-01
IBM,2016-09-30,-1.8845552243995645e-4,2016-09-01
IBM,2016-10-31,-0.03248354398515474,2016-10-01
IBM,2016-11-30,0.0650768694322108,2016-11-01
IBM,2016-12-30,0.023240002120463732,2016-12-01
IBM,2017-01-31,0.05138871788290933,2017-01-01
IBM,2017-02-28,0.03851651532983413,2017-02-01
IBM,2017-03-31,-0.03158750351722983,2017-03-01
IBM,2017-04-28,-0.07953392084663147,2017-04-01
IBM,2017-05-31,-0.03848613996514949,2017-05-01
IBM,2017-06-30,0.00786198922086112,2017-06-01
IBM,2017-07-31,-0.05954620634603258,2017-07-01
IBM,2017-08-31,-8.905019076307363e-4,2017-08-01
IBM,2017-09-29,0.014333129152826363,2017-09-01
IBM,2017-10-31,0.061896983150432794,2017-10-01
IBM,2017-11-30,0.009405156565772455,2017-11-01
IBM,2017-12-29,-0.003572443591910557,2017-12-01
IBM,2018-01-31,0.06700544937186592,2018-01-01
IBM,2018-02-28,-0.03870307797442585,2018-02-01
IBM,2018-03-29,-0.015401354103552478,2018-03-01
IBM,2018-04-30,-0.055204171549185,2018-04-01
IBM,2018-05-31,-0.01435837403688589,2018-05-01
IBM,2018-06-29,-0.011393241643999907,2018-06-01
IBM,2018-07-31,0.03743766715918295,2018-07-01
IBM,2018-08-31,0.021613815539595294,2018-08-01
IBM,2018-09-28,0.03229114598349225,2018-09-01
IBM,2018-10-31,-0.2366247310341929,2018-10-01
IBM,2018-11-30,0.09029495274818955,2018-11-01
IBM,2018-12-31,-0.08529808186072196,2018-12-01
IBM,2019-01-31,0.18254578551856082,2019-01-01
IBM,2019-02-28,0.039572936330217745,2019-02-01
IBM,2019-03-29,0.021501581975166717,2019-03-01
IBM,2019-04-30,-0.005882377067226385,2019-04-01
IBM,2019-05-31,-0.08392065489919165,2019-05-01
IBM,2019-06-28,0.08591257725665402,2019-06-01
IBM,2019-07-31,0.07498136436773217,2019-07-01
IBM,2019-08-30,-0.07496646039414767,2019-08-01
IBM,2019-09-30,0.07297248529014722,2019-09-01
IBM,2019-10-31,-0.08038791789949751,2019-10-01
IBM,2019-11-29,0.01725882300961601,2019-11-01
IBM,2019-12-31,-0.0030496419204990577,2019-12-01
IBM,2020-01-31,0.0722918625591944,2020-01-01
IBM,2020-02-28,-0.0850271336354187,2020-02-01
IBM,2020-03-31,-0.14767568929722352,2020-03-01
IBM,2020-04-30,0.13188499182513747,2020-04-01
IBM,2020-05-29,0.008084405628027813,2020-05-01
IBM,2020-06-30,-0.03306653897679701,2020-06-01
IBM,2020-07-31,0.017967926289277125,2020-07-01
IBM,2020-08-31,0.016142383135579808,2020-08-01
IBM,2020-09-30,-0.013299744964278437,2020-09-01
IBM,2020-10-30,-0.08227170609113899,2020-10-01
IBM,2020-11-30,0.1222558041512094,2020-11-01
IBM,2020-12-31,0.019106225782746344,2020-12-01
IBM,2021-01-29,-0.053781246901983604,2021-01-01
IBM,2021-02-26,0.011831247648217413,2021-02-01
IBM,2021-03-31,0.12049134737090372,2021-03-01
IBM,2021-04-30,0.06468553238719199,2021-04-01
IBM,2021-05-28,0.024429216364739714,2021-05-01
IBM,2021-06-30,0.01982770075048057,2021-06-01
IBM,2021-07-30,-0.038406537460021206,2021-07-01
IBM,2021-08-31,0.007063699214970409,2021-08-01
IBM,2021-09-30,-0.010046895058020477,2021-09-01
IBM,2021-10-29,-0.09954661342078808,2021-10-01
IBM,2021-11-30,-0.007824993278021442,2021-11-01
IBM,2021-12-31,0.14141763134572183,2021-12-01
IBM,2022-01-31,-6.733259916792411e-4,2022-01-01
IBM,2022-02-28,-0.07175500901808218,2022-02-01
IBM,2022-03-31,0.061301174536553926,2022-03-01
IBM,2022-04-29,0.01684349379176764,2022-04-01
IBM,2022-05-31,0.06288639915842142,2022-05-01
IBM,2022-06-30,0.01692583576786788,2022-06-01
IBM,2022-07-29,-0.07365958908414094,2022-07-01
IBM,2022-08-31,-0.005517339836655255,2022-08-01
IBM,2022-09-30,-0.07504871160240711,2022-09-01
IBM,2022-10-31,0.16395899859903063,2022-10-01
IBM,2022-11-30,0.08956038536319477,2022-11-01
IBM,2022-12-30,-0.05379419364999738,2022-12-01
IBM,2023-01-31,-0.04372203101024652,2023-01-01
IBM,2023-02-28,-0.028514613098574615,2023-02-01
IBM,2023-03-31,0.013843539915840974,2023-03-01
IBM,2023-04-28,-0.0357004097087007,2023-04-01
IBM,2023-05-31,0.031116082655392896,2023-05-01
IBM,2023-06-30,0.04059406918234032,2023-06-01
IBM,2023-07-31,0.0774979818546897,2023-07-01
IBM,2023-08-31,0.03009903301292227,2023-08-01
IBM,2023-09-29,-0.04447302397526898,2023-09-01
IBM,2023-10-31,0.03093352181816278,2023-10-01
IBM,2023-11-30,0.10867175456627698,2023-11-01
IBM,2023-12-29,0.031470679131375245,2023-12-01
IBM,2024-01-31,0.12295924149515303,2024-01-01
IBM,2024-02-29,0.01664444445846125,2024-02-01
IBM,2024-03-28,0.032048824756770955,2024-03-01
IBM,2024-04-30,-0.12966066913241536,2024-04-01
IBM,2024-05-31,0.013876557263136302,2024-05-01
IBM,2024-06-28,0.03655981582329382,2024-06-01
IBM,2024-07-31,0.11095684698012231,2024-07-01
IBM,2024-08-30,0.06119435441089016,2024-08-01
IBM,2024-09-30,0.09375164259020985,2024-09-01
IBM,2024-10-31,-0.06495383210629135,2024-10-01
IBM,2024-11-29,0.10875689034368352,2024-11-01
IBM,2024-12-30,-0.031484972109391385,2024-12-01
GE,2000-01-31,-0.10666670365000797,2000-01-01
GE,2000-02-29,-0.012126791412779614,2000-02-01
GE,2000-03-31,0.17910547173319036,2000-03-01
GE,2000-04-28,0.010442013792314908,2000-04-01
GE,2000-05-31,0.0039748629880174136,2000-05-01
GE,2000-06-30,0.007125823010250665,2000-06-01
GE,2000-07-31,-0.022187898747179635,2000-07-01
GE,2000-08-31,0.134219601356516,2000-08-01
GE,2000-09-29,-0.011564085684631298,2000-09-01
GE,2000-10-31,-0.05189136809542938,2000-10-01
GE,2000-11-30,-0.09578090667190797,2000-11-01
GE,2000-12-29,-0.029638842468101556,2000-12-01
GE,2001-01-31,-0.040834494975012015,2001-01-01
GE,2001-02-28,0.011309586328680954,2001-02-01
GE,2001-03-30,-0.09654162985892745,2001-03-01
GE,2001-04-30,0.1593401284710425,2001-04-01
GE,2001-05-31,0.009685000671924682,2001-05-01
GE,2001-06-29,0,2001-06-01
GE,2001-07-31,-0.1093667816406243,2001-07-01
GE,2001-08-31,-0.05976978304339409,2001-08-01
GE,2001-09-28,-0.08634702866960431,2001-09-01
GE,2001-10-31,-0.021236424520017172,2001-10-01
GE,2001-11-30,0.05740144593557828,2001-11-01
GE,2001-12-31,0.04568128121550963,2001-12-01
GE,2002-01-31,-0.07310414841312629,2002-01-01
GE,2002-02-28,0.04117529037233769,2002-02-01
GE,2002-03-28,-0.02857100635590315,2002-03-01
GE,2002-04-30,-0.156417422261796,2002-04-01
GE,2002-05-31,-0.01299477428893614,2002-05-01
GE,2002-06-28,-0.06126927819627426,2002-06-01
GE,2002-07-31,0.10843306092724991,2002-07-01
GE,2002-08-30,-0.06366414961820743,2002-08-01
GE,2002-09-30,-0.17669972719177152,2002-09-01
GE,2002-10-31,0.024340889661462972,2002-10-01
GE,2002-11-29,0.07405927481834262,2002-11-01
GE,2002-12-31,-0.09534471090600105,2002-12-01
GE,2003-01-31,-0.049692124188997044,2003-01-01
GE,2003-02-28,0.04762672903492304,2003-02-01
GE,2003-03-31,0.060290806214591486,2003-03-01
GE,2003-04-30,0.15490174332577777,2003-04-01
GE,2003-05-30,-0.0254665038641696,2003-05-01
GE,2003-06-30,0.005834470846714623,2003-06-01
GE,2003-07-31,-0.008368354650866272,2003-07-01
GE,2003-08-29,0.039732609547130204,2003-08-01
GE,2003-09-30,0.01437209193793021,2003-09-01
GE,2003-10-31,-0.026836977624304037,2003-10-01
GE,2003-11-28,-0.011720135793326647,2003-11-01
GE,2003-12-31,0.08765370926220806,2003-12-01
GE,2004-01-30,0.08553866431579915,2004-01-01
GE,2004-02-27,-0.027104347446995414,2004-02-01
GE,2004-03-31,-0.06150091948119918,2004-03-01
GE,2004-04-30,-0.01867581814533459,2004-04-01
GE,2004-05-28,0.039065071101272775,2004-05-01
GE,2004-06-30,0.04739891839010979,2004-06-01
GE,2004-07-30,0.026234637406308714,2004-07-01
GE,2004-08-31,-0.01383440688654669,2004-08-01
GE,2004-09-30,0.030165055751825598,2004-09-01
GE,2004-10-29,0.01608060724198812,2004-10-01
GE,2004-11-30,0.03634271886593554,2004-11-01
GE,2004-12-31,0.03838535026158074,2004-12-01
GE,2005-01-31,-0.010136584419283112,2005-01-01
GE,2005-02-28,-0.01962557344753091,2005-02-01
GE,2005-03-31,0.02443142753676142,2005-03-01
GE,2005-04-29,0.003882601441954181,2005-04-01
GE,2005-05-31,0.007735024218879394,2005-05-01
GE,2005-06-30,-0.044278514724207074,2005-06-01
GE,2005-07-29,-0.004328541092208149,2005-07-01
GE,2005-08-31,-0.025797533089428448,2005-08-01
GE,2005-09-30,0.008398071710852273,2005-09-01
GE,2005-10-31,0.007128219326819618,2005-10-01
GE,2005-11-30,0.053376222174936316,2005-11-01
GE,2005-12-30,-0.011761996614601866,2005-12-01
GE,2006-01-31,-0.0656204511437447,2006-01-01
GE,2006-02-28,0.01117848591810433,2006-02-01
GE,2006-03-31,0.05810816850493783,2006-03-01
GE,2006-04-28,-0.0054629132701766725,2006-04-01
GE,2006-05-31,-0.009540108756094345,2006-05-01
GE,2006-06-30,-0.030748486704287648,2006-06-01
GE,2006-07-31,-0.008192189411315831,2006-07-01
GE,2006-08-31,0.041909389537495345,2006-08-01
GE,2006-09-29,0.04385739981390713,2006-09-01
GE,2006-10-31,-0.005381912209662554,2006-10-01
GE,2006-11-30,0.004841542620928063,2006-11-01
GE,2006-12-29,0.06250319361350609,2006-12-01
GE,2007-01-31,-0.031173640975504346,2007-01-01
GE,2007-02-28,-0.02401281212054862,2007-02-01
GE,2007-03-30,0.012890066783414866,2007-03-01
GE,2007-04-30,0.04242065645524118,2007-04-01
GE,2007-05-31,0.019533310542348303,2007-05-01
GE,2007-06-29,0.025980065306011824,2007-06-01
GE,2007-07-31,0.012538942323261804,2007-07-01
GE,2007-08-31,0.0028380816466604397,2007-08-01
GE,2007-09-28,0.07227642635801468,2007-09-01
GE,2007-10-31,-0.005796649180450308,2007-10-01
GE,2007-11-30,-0.06972823580790888,2007-11-01
GE,2007-12-31,-0.023585145942641716,2007-12-01
GE,2008-01-31,-0.046129004464511514,2008-01-01
GE,2008-02-29,-0.05424974322841558,2008-02-01
GE,2008-03-31,0.11677712271409724,2008-03-01
GE,2008-04-30,-0.1164551175208618,2008-04-01
GE,2008-05-30,-0.060550317774503926,2008-05-01
GE,2008-06-30,-0.12153144224417611,2008-06-01
GE,2008-07-31,0.05994730037726881,2008-07-01
GE,2008-08-29,-0.006715868032732053,2008-08-01
GE,2008-09-30,-0.08033813277998758,2008-09-01
GE,2008-10-31,-0.23490223639462315,2008-10-01
GE,2008-11-28,-0.11993822770125806,2008-11-01
GE,2008-12-31,-0.03834936343881612,2008-12-01
GE,2009-01-30,-0.25123456825437596,2009-01-01
GE,2009-02-27,-0.27781892999005886,2009-02-01
GE,2009-03-31,0.18801414262719574,2009-03-01
GE,2009-04-30,0.2512364776691538,2009-04-01
GE,2009-05-29,0.0656127300131828,2009-05-01
GE,2009-06-30,-0.12340819628375488,2009-06-01
GE,2009-07-31,0.14334495368858424,2009-07-01
GE,2009-08-31,0.037313297939024936,2009-08-01
GE,2009-09-30,0.1882851515158328,2009-09-01
GE,2009-10-30,-0.13154707643916486,2009-10-01
GE,2009-11-30,0.12342211197574371,2009-11-01
GE,2009-12-31,-0.04941450621512666,2009-12-01
GE,2010-01-29,0.06278923506517997,2010-01-01
GE,2010-02-26,0.004990822870079681,2010-02-01
GE,2010-03-31,0.13325024311019495,2010-03-01
GE,2010-04-30,0.03626331704285901,2010-04-01
GE,2010-05-28,-0.13308584174039073,2010-05-01
GE,2010-06-30,-0.11244351619040038,2010-06-01
GE,2010-07-30,0.11789310202545389,2010-07-01
GE,2010-08-31,-0.10173784636132766,2010-08-01
GE,2010-09-30,0.1305407142680448,2010-09-01
GE,2010-10-29,-0.01415399959111363,2010-10-01
GE,2010-11-30,-0.011860777434313352,2010-11-01
GE,2010-12-31,0.16450965223761949,2010-12-01
GE,2011-01-31,0.10114829398633618,2011-01-01
GE,2011-02-28,0.04591763771708135,2011-02-01
GE,2011-03-31,-0.04158745520541596,2011-03-01
GE,2011-04-29,0.01994975276324218,2011-04-01
GE,2011-05-31,-0.039608067567518335,2011-05-01
GE,2011-06-30,-0.03181811083667563,2011-06-01
GE,2011-07-29,-0.05037116039904366,2011-07-01
GE,2011-08-31,-0.08933563412667844,2011-08-01
GE,2011-09-30,-0.05788039661297917,2011-09-01
GE,2011-10-31,0.09789760490254107,2011-10-01
GE,2011-11-30,-0.047875271403167274,2011-11-01
GE,2011-12-30,0.13663048279264212,2011-12-01
GE,2012-01-31,0.044667766951827614,2012-01-01
GE,2012-02-29,0.027177140690074042,2012-02-01
GE,2012-03-30,0.05354329893583443,2012-03-01
GE,2012-04-30,-0.02441449537996121,2012-04-01
GE,2012-05-31,-0.02502558475122596,2012-05-01
GE,2012-06-29,0.10406240921073873,2012-06-01
GE,2012-07-31,-0.004318849065805486,2012-07-01
GE,2012-08-31,-0.0019276077715100204,2012-08-01
GE,2012-09-28,0.10494609132831267,2012-09-01
GE,2012-10-31,-0.07265523414596475,2012-10-01
GE,2012-11-30,0.003323951728667396,2012-11-01
GE,2012-12-31,0.002439893406697813,2012-12-01
GE,2013-01-31,0.061457430485215125,2013-01-01
GE,2013-02-28,0.050718148950102515,2013-02-01
GE,2013-03-28,-0.004306330895155419,2013-03-01
GE,2013-04-30,-0.03589970216335192,2013-04-01
GE,2013-05-31,0.04620928411252323,2013-05-01
GE,2013-06-28,0.002366947757996618,2013-06-01
GE,2013-07-31,0.05088447964464016,2013-07-01
GE,2013-08-30,-0.050472297653864184,2013-08-01
GE,2013-09-30,0.0403626817793985,2013-09-01
GE,2013-10-31,0.09418160735771663,2013-10-01
GE,2013-11-29,0.019893402113288383,2013-11-01
GE,2013-12-31,0.05989472484343561,2013-12-01
GE,2014-01-31,-0.10346070093714055,2014-01-01
GE,2014-02-28,0.022385020160123004,2014-02-01
GE,2014-03-31,0.016489726106058367,2014-03-01
GE,2014-04-30,0.03862505330531474,2014-04-01
GE,2014-05-30,-0.0037187213470569747,2014-05-01
GE,2014-06-30,-0.01094513734690361,2014-06-01
GE,2014-07-31,-0.04299857326551937,2014-07-01
GE,2014-08-29,0.033002150214242354,2014-08-01
GE,2014-09-30,-0.005528555943384417,2014-09-01
GE,2014-10-31,0.007416020285594405,2014-10-01
GE,2014-11-28,0.026346289556363534,2014-11-01
GE,2014-12-31,-0.03707394735410319,2014-12-01
GE,2015-01-30,-0.05461019343339657,2015-01-01
GE,2015-02-27,0.09790346444167697,2015-02-01
GE,2015-03-31,-0.045402041890207356,2015-03-01
GE,2015-04-30,0.09149557061591596,2015-04-01
GE,2015-05-29,0.007016137293575531,2015-05-01
GE,2015-06-30,-0.01738173636591811,2015-06-01
GE,2015-07-31,-0.01768906725289976,2015-07-01
GE,2015-08-31,-0.04904210181803237,2015-08-01
GE,2015-09-30,0.025209680550475344,2015-09-01
GE,2015-10-30,0.14670887724738324,2015-10-01
GE,2015-11-30,0.03526982495983133,2015-11-01
GE,2015-12-31,0.04819615609525996,2015-12-01
GE,2016-01-29,-0.06581104200951826,2016-01-01
GE,2016-02-29,0.009391323543123553,2016-02-01
GE,2016-03-31,0.09094067927270477,2016-03-01
GE,2016-04-29,-0.032714422990304026,2016-04-01
GE,2016-05-31,-0.016910834291447685,2016-05-01
GE,2016-06-30,0.04923865355001755,2016-06-01
GE,2016-07-29,-0.010800423975881324,2016-07-01
GE,2016-08-31,0.0032113389325383324,2016-08-01
GE,2016-09-30,-0.04445682822989916,2016-09-01
GE,2016-10-31,-0.017556042784814374,2016-10-01
GE,2016-11-30,0.05704462010290823,2016-11-01
GE,2016-12-30,0.03503954265465925,2016-12-01
GE,2017-01-31,-0.060125851483099124,2017-01-01
GE,2017-02-28,0.011708888606316137,2017-02-01
GE,2017-03-31,-3.356680470368856e-4,2017-03-01
GE,2017-04-28,-0.027181038312479533,2017-04-01
GE,2017-05-31,-0.05553635654161426,2017-05-01
GE,2017-06-30,-0.005191699627572155,2017-06-01
GE,2017-07-31,-0.051832887832230945,2017-07-01
GE,2017-08-31,-0.04138992758449933,2017-08-01
GE,2017-09-29,-0.005230092041308976,2017-09-01
GE,2017-10-31,-0.16625306076482127,2017-10-01
GE,2017-11-30,-0.09275802340868622,2017-11-01
GE,2017-12-29,-0.039339357240335215,2017-12-01
GE,2018-01-31,-0.0733523999705572,2018-01-01
GE,2018-02-28,-0.12017501418123333,2018-02-01
GE,2018-03-29,-0.044649112421665915,2018-03-01
GE,2018-04-30,0.043768640748344634,2018-04-01
GE,2018-05-31,7.107649081012912e-4,2018-05-01
GE,2018-06-29,-0.024801212520964344,2018-06-01
GE,2018-07-31,0.001469131260935841,2018-07-01
GE,2018-08-31,-0.05062350761032797,2018-08-01
GE,2018-09-28,-0.11919541231646169,2018-09-01
GE,2018-10-31,-0.10540296717603082,2018-10-01
GE,2018-11-30,-0.25742577735227457,2018-11-01
GE,2018-12-31,0.010721441629185646,2018-12-01
GE,2019-01-31,0.3421401146993788,2019-01-01
GE,2019-02-28,0.06354328398441234,2019-02-01
GE,2019-03-29,-0.037479898894010266,2019-03-01
GE,2019-04-30,0.018017724697531934,2019-04-01
GE,2019-05-31,-0.07177946544850577,2019-05-01
GE,2019-06-28,0.11335850738333253,2019-06-01
GE,2019-07-31,-0.00476182982271367,2019-07-01
GE,2019-08-30,-0.21052631578947367,2019-08-01
GE,2019-09-30,0.08480785144658265,2019-09-01
GE,2019-10-31,0.11633119738438635,2019-10-01
GE,2019-11-29,0.1292581338056562,2019-11-01
GE,2019-12-31,-0.008862553476093216,2019-12-01
GE,2020-01-31,0.11559165861818821,2020-01-01
GE,2020-02-28,-0.12610450563640274,2020-02-01
GE,2020-03-31,-0.2694958040724633,2020-03-01
GE,2020-04-30,-0.14357691472222367,2020-04-01
GE,2020-05-29,-0.033823462244787494,2020-05-01
GE,2020-06-30,0.04113256182434277,2020-06-01
GE,2020-07-31,-0.11127402308133416,2020-07-01
GE,2020-08-31,0.044481204329563484,2020-08-01
GE,2020-09-30,-0.015725931800394943,2020-09-01
GE,2020-10-30,0.1910111565918049,2020-10-01
GE,2020-11-30,0.37196771122038585,2020-11-01
GE,2020-12-31,0.06187969055407527,2020-12-01
GE,2021-01-29,-0.01111103922683665,2021-01-01
GE,2021-02-26,0.17415715635334417,2021-02-01
GE,2021-03-31,0.04782135289029665,2021-03-01
GE,2021-04-30,-7.615515528458516e-4,2021-04-01
GE,2021-05-28,0.07164650279733409,2021-05-01
GE,2021-06-30,-0.04194580580999252,2021-06-01
GE,2021-07-30,-0.037890006846588165,2021-07-01
GE,2021-08-31,0.01747130539088304,2021-08-01
GE,2021-09-30,-0.021818497024266303,2021-09-01
GE,2021-10-29,0.01785865358901284,2021-10-01
GE,2021-11-30,-0.09421177795561642,2021-11-01
GE,2021-12-31,-0.0046034537216446125,2021-12-01
GE,2022-01-31,1.0563949904618397e-4,2022-01-01
GE,2022-02-28,0.010901851988188493,2022-02-01
GE,2022-03-31,-0.04112456877714121,2022-03-01
GE,2022-04-29,-0.18524602570133408,2022-04-01
GE,2022-05-31,0.050167900662347886,2022-05-01
GE,2022-06-30,-0.18577052361052837,2022-06-01
GE,2022-07-29,0.1608290208113814,2022-07-01
GE,2022-08-31,-0.006358997022194557,2022-08-01
GE,2022-09-30,-0.15595280054399008,2022-09-01
GE,2022-10-31,0.256824298036781,2022-10-01
GE,2022-11-30,0.10487073612706554,2022-11-01
GE,2022-12-30,-0.02441573667142305,2022-12-01
GE,2023-01-31,0.23039594251549755,2023-01-01
GE,2023-02-28,0.052559583324137016,2023-02-01
GE,2023-03-31,0.12960262224530905,2023-03-01
GE,2023-04-28,0.03525096522740179,2023-04-01
GE,2023-05-31,0.025866367483280195,2023-05-01
GE,2023-06-30,0.0819461913978603,2023-06-01
GE,2023-07-31,0.0407325643905283,2023-07-01
GE,2023-08-31,0.0019258384631328784,2023-08-01
GE,2023-09-29,-0.03346548553987283,2023-09-01
GE,2023-10-31,-0.017367522532607316,2023-10-01
GE,2023-11-30,0.12123713525973678,2023-11-01
GE,2023-12-29,0.0485234708002511,2023-12-01
GE,2024-01-31,0.03753034265003263,2024-01-01
GE,2024-02-29,0.18479082559717952,2024-02-01
GE,2024-03-28,0.11880927979475553,2024-03-01
GE,2024-04-30,0.15718774486644937,2024-04-01
GE,2024-05-31,0.02051652035213336,2024-05-01
GE,2024-06-28,-0.03736209001505497,2024-06-01
GE,2024-07-31,0.07245429311153084,2024-07-01
GE,2024-08-30,0.025969498626163157,2024-08-01
GE,2024-09-30,0.0815446318980173,2024-09-01
GE,2024-10-31,-0.08908708539656351,2024-10-01
GE,2024-11-29,0.06042638422886526,2024-11-01
GE,2024-12-30,-0.07568153562727775,2024-12-01
CAT,2000-01-31,-0.12175377496421147,2000-01-01
CAT,2000-02-29,-0.17378488142448745,2000-02-01
CAT,2000-03-31,0.12477747584414045,2000-03-01
CAT,2000-04-28,0.00814017055052263,2000-04-01
CAT,2000-05-31,-0.03011129996365458,2000-05-01
CAT,2000-06-30,-0.11437893903633234,2000-06-01
CAT,2000-07-31,0.015198541105896135,2000-07-01
CAT,2000-08-31,0.07935782704654559,2000-08-01
CAT,2000-09-29,-0.15682098198555405,2000-09-01
CAT,2000-10-31,0.14379865488837007,2000-10-01
CAT,2000-11-30,0.12121184876196445,2000-11-01
CAT,2000-12-29,0.20349757716137562,2000-12-01
CAT,2001-01-31,-0.05824748949748759,2001-01-01
CAT,2001-02-28,-0.059249126649789874,2001-02-01
CAT,2001-03-30,0.066826646187647,2001-03-01
CAT,2001-04-30,0.13913422427656763,2001-04-01
CAT,2001-05-31,0.07888421537202839,2001-05-01
CAT,2001-06-29,-0.07588562364119111,2001-06-01
CAT,2001-07-31,0.1081415874523306,2001-07-01
CAT,2001-08-31,-0.09255912598691829,2001-08-01
CAT,2001-09-28,-0.103999910776714,2001-09-01
CAT,2001-10-31,0.005716508136596632,2001-10-01
CAT,2001-11-30,0.06037529556164034,2001-11-01
CAT,2001-12-31,0.10185567794345074,2001-12-01
CAT,2002-01-31,-0.03063744668756896,2002-01-01
CAT,2002-02-28,0.10401743559777965,2002-02-01
CAT,2002-03-28,0.02413882640579801,2002-03-01
CAT,2002-04-30,-0.033160904273910496,2002-04-01
CAT,2002-05-31,-0.04302433477665479,2002-05-01
CAT,2002-06-28,-0.06351627865663878,2002-06-01
CAT,2002-07-31,-0.07937331400194703,2002-07-01
CAT,2002-08-30,-0.023713892797811886,2002-08-01
CAT,2002-09-30,-0.14711234680171392,2002-09-01
CAT,2002-10-31,0.10752889210779171,2002-10-01
CAT,2002-11-29,0.22154221168227006,2002-11-01
CAT,2002-12-31,-0.08376744020554105,2002-12-01
CAT,2003-01-31,-0.030868506482120583,2003-01-01
CAT,2003-02-28,0.06866727158858588,2003-02-01
CAT,2003-03-31,0.04680869355328743,2003-03-01
CAT,2003-04-30,0.07625295876050187,2003-04-01
CAT,2003-05-30,-0.008555010683956032,2003-05-01
CAT,2003-06-30,0.06730593667336526,2003-06-01
CAT,2003-07-31,0.21945985313295835,2003-07-01
CAT,2003-08-29,0.06462128221686458,2003-08-01
CAT,2003-09-30,-0.041626078718282056,2003-09-01
CAT,2003-10-31,0.06952469012395035,2003-10-01
CAT,2003-11-28,0.03780002455177289,2003-11-01
CAT,2003-12-31,0.09165002183038173,2003-12-01
CAT,2004-01-30,-0.05472274963923407,2004-01-01
CAT,2004-02-27,-0.030461835369993695,2004-02-01
CAT,2004-03-31,0.043828329169856906,2004-03-01
CAT,2004-04-30,-0.012440523537973314,2004-04-01
CAT,2004-05-28,-0.030618413617475748,2004-05-01
CAT,2004-06-30,0.05427997912575,2004-06-01
CAT,2004-07-30,-0.07009798303566261,2004-07-01
CAT,2004-08-31,-0.01074966436288316,2004-08-01
CAT,2004-09-30,0.10660243336242714,2004-09-01
CAT,2004-10-29,0.006225376262929405,2004-10-01
CAT,2004-11-30,0.13670213542421106,2004-11-01
CAT,2004-12-31,0.06510112466897477,2004-12-01
CAT,2005-01-31,-0.08223160832782539,2005-01-01
CAT,2005-02-28,0.06677926305428494,2005-02-01
CAT,2005-03-31,-0.03797988002500352,2005-03-01
CAT,2005-04-29,-0.032568566615773786,2005-04-01
CAT,2005-05-31,0.0688252763168522,2005-05-01
CAT,2005-06-30,0.012750373102347723,2005-06-01
CAT,2005-07-29,0.1365775903341262,2005-07-01
CAT,2005-08-31,0.02930751438664836,2005-08-01
CAT,2005-09-30,0.0587498593399427,2005-09-01
CAT,2005-10-31,-0.10079540471872239,2005-10-01
CAT,2005-11-30,0.09868733051299228,2005-11-01
CAT,2005-12-30,-1.7278794111419415e-4,2005-12-01
CAT,2006-01-31,0.1800359645484153,2006-01-01
CAT,2006-02-28,0.0762881945736722,2006-02-01
CAT,2006-03-31,-0.01737754392365176,2006-03-01
CAT,2006-04-28,0.058077332512206814,2006-04-01
CAT,2006-05-31,-0.036836568430274275,2006-05-01
CAT,2006-06-30,0.020973070930528026,2006-06-01
CAT,2006-07-31,-0.04432556888900918,2006-07-01
CAT,2006-08-31,-0.06377855702637181,2006-08-01
CAT,2006-09-29,-0.008289094148709042,2006-09-01
CAT,2006-10-31,-0.07333160977313902,2006-10-01
CAT,2006-11-30,0.021742638023655614,2006-11-01
CAT,2006-12-29,-0.011285177231813215,2006-12-01
CAT,2007-01-31,0.049933822375223924,2007-01-01
CAT,2007-02-28,0.005618818528827951,2007-02-01
CAT,2007-03-30,0.04035434484797262,2007-03-01
CAT,2007-04-30,0.08810093970678179,2007-04-01
CAT,2007-05-31,0.0820711606639899,2007-05-01
CAT,2007-06-29,-0.0035631187730132963,2007-06-01
CAT,2007-07-31,0.010593215653054822,2007-07-01
CAT,2007-08-31,-0.038451840192194275,2007-08-01
CAT,2007-09-28,0.03510631310470935,2007-09-01
CAT,2007-10-31,-0.04424530099234736,2007-10-01
CAT,2007-11-30,-0.03632203862503314,2007-11-01
CAT,2007-12-31,0.009179588946090167,2007-12-01
CAT,2008-01-31,-0.01612633951044007,2008-01-01
CAT,2008-02-29,0.018875936722975606,2008-02-01
CAT,2008-03-31,0.08239999089744066,2008-03-01
CAT,2008-04-30,0.050641723147305084,2008-04-01
CAT,2008-05-30,0.009282567955782195,2008-05-01
CAT,2008-06-30,-0.10672873813359396,2008-06-01
CAT,2008-07-31,-0.05260818930165312,2008-07-01
CAT,2008-08-29,0.01740536039736673,2008-08-01
CAT,2008-09-30,-0.15735908264371812,2008-09-01
CAT,2008-10-31,-0.35259564524260334,2008-10-01
CAT,2008-11-28,0.07303672875374212,2008-11-01
CAT,2008-12-31,0.08977765623572642,2008-12-01
CAT,2009-01-30,-0.30192877440714583,2009-01-01
CAT,2009-02-27,-0.20226936070978474,2009-02-01
CAT,2009-03-31,0.1361237665134094,2009-03-01
CAT,2009-04-30,0.2889264626049721,2009-04-01
CAT,2009-05-29,-0.0033729142045945126,2009-05-01
CAT,2009-06-30,-0.06824563648781845,2009-06-01
CAT,2009-07-31,0.35029468963686616,2009-07-01
CAT,2009-08-31,0.028370118031934233,2009-08-01
CAT,2009-09-30,0.13286278518478967,2009-09-01
CAT,2009-10-30,0.08043668563348039,2009-10-01
CAT,2009-11-30,0.06047970217144161,2009-11-01
CAT,2009-12-31,-0.023976384562476305,2009-12-01
CAT,2010-01-29,-0.0770938914682191,2010-01-01
CAT,2010-02-26,0.09207490904195637,2010-02-01
CAT,2010-03-31,0.10166474841877737,2010-03-01
CAT,2010-04-30,0.09013145288701052,2010-04-01
CAT,2010-05-28,-0.10765195471318167,2010-05-01
CAT,2010-06-30,-0.01135583173214505,2010-06-01
CAT,2010-07-30,0.16887814515302169,2010-07-01
CAT,2010-08-31,-0.06580657486054164,2010-08-01
CAT,2010-09-30,0.20748917817471768,2010-09-01
CAT,2010-10-29,0.004485974007608862,2010-10-01
CAT,2010-11-30,0.07633586865433561,2010-11-01
CAT,2010-12-31,0.10709202638093229,2010-12-01
CAT,2011-01-31,0.04063828966229521,2011-01-01
CAT,2011-02-28,0.06102472640094403,2011-02-01
CAT,2011-03-31,0.08180287211518666,2011-03-01
CAT,2011-04-29,0.040778004511136334,2011-04-01
CAT,2011-05-31,-0.08326856434920316,2011-05-01
CAT,2011-06-30,0.006238666754726951,2011-06-01
CAT,2011-07-29,-0.06812643325176282,2011-07-01
CAT,2011-08-31,-0.07885324592058163,2011-08-01
CAT,2011-09-30,-0.1885722906886398,2011-09-01
CAT,2011-10-31,0.28633374719517524,2011-10-01
CAT,2011-11-30,0.03620596224809791,2011-11-01
CAT,2011-12-30,-0.07437718888864531,2011-12-01
CAT,2012-01-31,0.20979934257654675,2012-01-01
CAT,2012-02-29,0.0466457674363594,2012-02-01
CAT,2012-03-30,-0.06733172818356847,2012-03-01
CAT,2012-04-30,-0.031123948622076236,2012-04-01
CAT,2012-05-31,-0.1474168222095854,2012-05-01
CAT,2012-06-29,-0.030928934027445454,2012-06-01
CAT,2012-07-31,-0.0019075697935390101,2012-07-01
CAT,2012-08-31,0.013300187836295052,2012-08-01
CAT,2012-09-28,0.008320926193073008,2012-09-01
CAT,2012-10-31,-0.008343456366868396,2012-10-01
CAT,2012-11-30,0.0050702771805040125,2012-11-01
CAT,2012-12-31,0.05732288527184792,2012-12-01
CAT,2013-01-31,0.09798009536571639,2013-01-01
CAT,2013-02-28,-0.06118525550138709,2013-02-01
CAT,2013-03-28,-0.058460630174322126,2013-03-01
CAT,2013-04-30,-0.020192265737262183,2013-04-01
CAT,2013-05-31,0.013346352822913854,2013-05-01
CAT,2013-06-28,-0.038577931583083425,2013-06-01
CAT,2013-07-31,0.012097559848222028,2013-07-01
CAT,2013-08-30,-0.0044623785333902655,2013-08-01
CAT,2013-09-30,0.010419320812613764,2013-09-01
CAT,2013-10-31,0.006520428338094408,2013-10-01
CAT,2013-11-29,0.014875655294477319,2013-11-01
CAT,2013-12-31,0.07340393864915695,2013-12-01
CAT,2014-01-31,0.04089488067797542,2014-01-01
CAT,2014-02-28,0.032584521084482176,2014-02-01
CAT,2014-03-31,0.024750485416944912,2014-03-01
CAT,2014-04-30,0.06692780340829074,2014-04-01
CAT,2014-05-30,-0.030076105675845954,2014-05-01
CAT,2014-06-30,0.06299510890428084,2014-06-01
CAT,2014-07-31,-0.06701873096225996,2014-07-01
CAT,2014-08-29,0.08258083658807003,2014-08-01
CAT,2014-09-30,-0.0920511762510915,2014-09-01
CAT,2014-10-31,0.03183432956012511,2014-10-01
CAT,2014-11-28,-0.007987485687186102,2014-11-01
CAT,2014-12-31,-0.09015891419086774,2014-12-01
CAT,2015-01-30,-0.11913355314040963,2015-01-01
CAT,2015-02-27,0.03663911786633123,2015-02-01
CAT,2015-03-31,-0.034620216094927825,2015-03-01
CAT,2015-04-30,0.09458977062249518,2015-04-01
CAT,2015-05-29,-0.017955234024905842,2015-05-01
CAT,2015-06-30,-0.005860288690597737,2015-06-01
CAT,2015-07-31,-0.06441850844342534,2015-07-01
CAT,2015-08-31,-0.027851771844883633,2015-08-01
CAT,2015-09-30,-0.14495043139013175,2015-09-01
CAT,2015-10-30,0.12921831622845814,2015-10-01
CAT,2015-11-30,-0.004658335958471871,2015-11-01
CAT,2015-12-31,-0.06455584961516891,2015-12-01
CAT,2016-01-29,-0.0727005257246166,2016-01-01
CAT,2016-02-29,0.08772463856414947,2016-02-01
CAT,2016-03-31,0.13057638641990588,2016-03-01
CAT,2016-04-29,0.025317324710541156,2016-04-01
CAT,2016-05-31,-0.06703545861723448,2016-05-01
CAT,2016-06-30,0.04551080828780374,2016-06-01
CAT,2016-07-29,0.1021934610877866,2016-07-01
CAT,2016-08-31,-0.009787332868849696,2016-08-01
CAT,2016-09-30,0.08322155229601913,2016-09-01
CAT,2016-10-31,-0.051518512528896276,2016-10-01
CAT,2016-11-30,0.1449801155883339,2016-11-01
CAT,2016-12-30,-0.02951045731176094,2016-12-01
CAT,2017-01-31,0.0400443165362423,2017-01-01
CAT,2017-02-28,0.010453959168768456,2017-02-01
CAT,2017-03-31,-0.04034782605334608,2017-03-01
CAT,2017-04-28,0.11157196012923731,2017-04-01
CAT,2017-05-31,0.03099935692972755,2017-05-01
CAT,2017-06-30,0.019254684689228307,2017-06-01
CAT,2017-07-31,0.06804872927087113,2017-07-01
CAT,2017-08-31,0.031066129275820975,2017-08-01
CAT,2017-09-29,0.061452075781740056,2017-09-01
CAT,2017-10-31,0.09542120460397241,2017-10-01
CAT,2017-11-30,0.039396121462936806,2017-11-01
CAT,2017-12-29,0.11640159823491514,2017-12-01
CAT,2018-01-31,0.03779298869353731,2018-01-01
CAT,2018-02-28,-0.050066957125413314,2018-02-01
CAT,2018-03-29,-0.04688597392065319,2018-03-01
CAT,2018-04-30,-0.015560004307421438,2018-04-01
CAT,2018-05-31,0.05229994659200199,2018-05-01
CAT,2018-06-29,-0.1069055337742627,2018-06-01
CAT,2018-07-31,0.06642362267470303,2018-07-01
CAT,2018-08-31,-0.03442241370192678,2018-08-01
CAT,2018-09-28,0.09823516445183733,2018-09-01
CAT,2018-10-31,-0.19933637283325856,2018-10-01
CAT,2018-11-30,0.11828213386671349,2018-11-01
CAT,2018-12-31,-0.06338903836853782,2018-12-01
CAT,2019-01-31,0.05466786292935222,2019-01-01
CAT,2019-02-28,0.03139091100594915,2019-02-01
CAT,2019-03-29,-0.013470077618178089,2019-03-01
CAT,2019-04-30,0.03524288066779002,2019-04-01
CAT,2019-05-31,-0.14065390068756534,2019-05-01
CAT,2019-06-28,0.13755076246810094,2019-06-01
CAT,2019-07-31,-0.026464378018589585,2019-07-01
CAT,2019-08-30,-0.09622536880766852,2019-08-01
CAT,2019-09-30,0.0614283964586122,2019-09-01
CAT,2019-10-31,0.099541934286832,2019-10-01
CAT,2019-11-29,0.05029017457803753,2019-11-01
CAT,2019-12-31,0.020382952588224423,2019-12-01
CAT,2020-01-31,-0.10433813077574416,2020-01-01
CAT,2020-02-28,-0.05413024142642553,2020-02-01
CAT,2020-03-31,-0.06600119368659751,2020-03-01
CAT,2020-04-30,0.012137572149204967,2020-04-01
CAT,2020-05-29,0.03222232679061943,2020-05-01
CAT,2020-06-30,0.0530259278137708,2020-06-01
CAT,2020-07-31,0.058301682205313066,2020-07-01
CAT,2020-08-31,0.0709664524769682,2020-08-01
CAT,2020-09-30,0.04806382943295806,2020-09-01
CAT,2020-10-30,0.05939857621902189,2020-10-01
CAT,2020-11-30,0.10531688646788684,2020-11-01
CAT,2020-12-31,0.04856276442995755,2020-12-01
CAT,2021-01-29,0.009849459688664464,2021-01-01
CAT,2021-02-26,0.18070424707275556,2021-02-01
CAT,2021-03-31,0.0740688245031027,2021-03-01
CAT,2021-04-30,-0.011768986809104764,2021-04-01
CAT,2021-05-28,0.056858671574600006,2021-05-01
CAT,2021-06-30,-0.09727067792382316,2021-06-01
CAT,2021-07-30,-0.0448949748061217,2021-07-01
CAT,2021-08-31,0.01992732262368868,2021-08-01
CAT,2021-09-30,-0.0896283487767755,2021-09-01
CAT,2021-10-29,0.06858561104427152,2021-10-01
CAT,2021-11-30,-0.05225220142320075,2021-11-01
CAT,2021-12-31,0.06925261563742424,2021-12-01
CAT,2022-01-31,-0.020324892059282895,2022-01-01
CAT,2022-02-28,-0.06935899035452953,2022-02-01
CAT,2022-03-31,0.1878664657229494,2022-03-01
CAT,2022-04-29,-0.05058051428744903,2022-04-01
CAT,2022-05-31,0.025221073671152006,2022-05-01
CAT,2022-06-30,-0.17183251020400114,2022-06-01
CAT,2022-07-29,0.11675342438014069,2022-07-01
CAT,2022-08-31,-0.06829758461272628,2022-08-01
CAT,2022-09-30,-0.11168852898608472,2022-09-01
CAT,2022-10-31,0.32806189435933586,2022-10-01
CAT,2022-11-30,0.09216470427526002,2022-11-01
CAT,2022-12-30,0.013324353423603164,2022-12-01
CAT,2023-01-31,0.05816150269827669,2023-01-01
CAT,2023-02-28,-0.05049750007011533,2023-02-01
CAT,2023-03-31,-0.04470888003548279,2023-03-01
CAT,2023-04-28,-0.038683238909869244,2023-04-01
CAT,2023-05-31,-0.059643638198332405,2023-05-01
CAT,2023-06-30,0.19586890041145577,2023-06-01
CAT,2023-07-31,0.08304461966143517,2023-07-01
CAT,2023-08-31,0.06018775967486656,2023-08-01
CAT,2023-09-29,-0.0289187481310611,2023-09-01
CAT,2023-10-31,-0.16769953066970633,2023-10-01
CAT,2023-11-30,0.10913513971649746,2023-11-01
CAT,2023-12-29,0.17928382563910583,2023-12-01
CAT,2024-01-31,0.02039860909665192,2024-01-01
CAT,2024-02-29,0.11205095432292711,2024-02-01
CAT,2024-03-28,0.09722724048113363,2024-03-01
CAT,2024-04-30,-0.08361878794281019,2024-04-01
CAT,2024-05-31,0.011806036524497188,2024-05-01
CAT,2024-06-28,-0.01601074068892272,2024-06-01
CAT,2024-07-31,0.043560266233422684,2024-07-01
CAT,2024-08-30,0.028596182320799413,2024-08-01
CAT,2024-09-30,0.09834321163875925,2024-09-01
CAT,2024-10-31,-0.03469119480714533,2024-10-01
CAT,2024-11-29,0.07950556470851211,2024-11-01
CAT,2024-12-30,-0.1061287876578495,2024-12-01
MMM,2000-01-31,-0.007946846899455795,2000-01-01
MMM,2000-02-29,-0.05197646015783142,2000-02-01
MMM,2000-03-31,0.004251637756082838,2000-03-01
MMM,2000-04-28,-0.021876777624489696,2000-04-01
MMM,2000-05-31,-0.0036848530610181784,2000-05-01
MMM,2000-06-30,-0.03207012730993486,2000-06-01
MMM,2000-07-31,0.08509035924835717,2000-07-01
MMM,2000-08-31,0.03904721081894258,2000-08-01
MMM,2000-09-29,-0.020325856391914865,2000-09-01
MMM,2000-10-31,0.06035684000932817,2000-10-01
MMM,2000-11-30,0.04000955239167725,2000-11-01
MMM,2000-12-29,0.20650884498865074,2000-12-01
MMM,2001-01-31,-0.08174302515988363,2001-01-01
MMM,2001-02-28,0.02437734225181698,2001-02-01
MMM,2001-03-30,-0.07849247652623903,2001-03-01
MMM,2001-04-30,0.14542927941056738,2001-04-01
MMM,2001-05-31,0.001472652432795707,2001-05-01
MMM,2001-06-29,-0.037780952674285384,2001-06-01
MMM,2001-07-31,-0.01945622819615689,2001-07-01
MMM,2001-08-31,-0.06432851606676337,2001-08-01
MMM,2001-09-28,-0.054754771432784954,2001-09-01
MMM,2001-10-31,0.06077161485860327,2001-10-01
MMM,2001-11-30,0.10339192551569143,2001-11-01
MMM,2001-12-31,0.03168119716992357,2001-12-01
MMM,2002-01-31,-0.0609933619102393,2002-01-01
MMM,2002-02-28,0.0682423648899968,2002-02-01
MMM,2002-03-28,-0.02475979482166424,2002-03-01
MMM,2002-04-30,0.09381818255488139,2002-04-01
MMM,2002-05-31,0.001950891753289996,2002-05-01
MMM,2002-06-28,-0.019374167307675494,2002-06-01
MMM,2002-07-31,0.02300832984715684,2002-07-01
MMM,2002-08-30,-0.0021937766594466446,2002-08-01
MMM,2002-09-30,-0.1198878326240006,2002-09-01
MMM,2002-10-31,0.15431499667825133,2002-10-01
MMM,2002-11-29,0.027902514900346453,2002-11-01
MMM,2002-12-31,-0.050442767879770534,2002-12-01
MMM,2003-01-31,0.010137628143994881,2003-01-01
MMM,2003-02-28,0.011857945468044306,2003-02-01
MMM,2003-03-31,0.03716992422883836,2003-03-01
MMM,2003-04-30,-0.03068492924839694,2003-04-01
MMM,2003-05-30,0.008747863031889347,2003-05-01
MMM,2003-06-30,0.019846357954910188,2003-06-01
MMM,2003-07-31,0.08699043911966142,2003-07-01
MMM,2003-08-29,0.02085498715076972,2003-08-01
MMM,2003-09-30,-0.03039177576329788,2003-09-01
MMM,2003-10-31,0.14188439646283557,2003-10-01
MMM,2003-11-28,0.006457631123167884,2003-11-01
MMM,2003-12-31,0.07578445126632372,2003-12-01
MMM,2004-01-30,-0.06985774235556552,2004-01-01
MMM,2004-02-27,-0.009087289787286013,2004-02-01
MMM,2004-03-31,0.049346080322834274,2004-03-01
MMM,2004-04-30,0.056308437375609754,2004-04-01
MMM,2004-05-28,-0.017948129108145805,2004-05-01
MMM,2004-06-30,0.0644512290717445,2004-06-01
MMM,2004-07-30,-0.08499048473025761,2004-07-01
MMM,2004-08-31,0.004596451568579463,2004-08-01
MMM,2004-09-30,-0.029019106143952755,2004-09-01
MMM,2004-10-29,-0.03001132030785425,2004-10-01
MMM,2004-11-30,0.03057879768805738,2004-11-01
MMM,2004-12-31,0.031159287267814806,2004-12-01
MMM,2005-01-31,0.02790311009981239,2005-01-01
MMM,2005-02-28,1.7248469652120235e-5,2005-02-01
MMM,2005-03-31,0.02084860200034422,2005-03-01
MMM,2005-04-29,-0.1075972436536321,2005-04-01
MMM,2005-05-31,0.007850466461909011,2005-05-01
MMM,2005-06-30,-0.056751034086060415,2005-06-01
MMM,2005-07-29,0.0373442765574965,2005-07-01
MMM,2005-08-31,-0.045740558482539884,2005-08-01
MMM,2005-09-30,0.031061453092385394,2005-09-01
MMM,2005-10-31,0.035714073793444934,2005-10-01
MMM,2005-11-30,0.03840847582443874,2005-11-01
MMM,2005-12-30,-0.012487685630662826,2005-12-01
MMM,2006-01-31,-0.06129005189384773,2006-01-01
MMM,2006-02-28,0.01794335837751615,2006-02-01
MMM,2006-03-31,0.02853615759837913,2006-03-01
MMM,2006-04-28,0.12868292494148337,2006-04-01
MMM,2006-05-31,-0.015498772579191522,2006-05-01
MMM,2006-06-30,-0.03454461704772249,2006-06-01
MMM,2006-07-31,-0.12838948982763276,2006-07-01
MMM,2006-08-31,0.02508049705036086,2006-08-01
MMM,2006-09-29,0.037935579645077544,2006-09-01
MMM,2006-10-31,0.05939249892314313,2006-10-01
MMM,2006-11-30,0.039105741948633366,2006-11-01
MMM,2006-12-29,-0.04333452517776348,2006-12-01
MMM,2007-01-31,-0.04658002952225271,2007-01-01
MMM,2007-02-28,0.003327811786459689,2007-02-01
MMM,2007-03-30,0.03172237963059121,2007-03-01
MMM,2007-04-30,0.08295113964570255,2007-04-01
MMM,2007-05-31,0.06865755073833468,2007-05-01
MMM,2007-06-29,-0.013302030068491066,2007-06-01
MMM,2007-07-31,0.024542123728203746,2007-07-01
MMM,2007-08-31,0.028862450087623115,2007-08-01
MMM,2007-09-28,0.028464352895370082,2007-09-01
MMM,2007-10-31,-0.07715279597862301,2007-10-01
MMM,2007-11-30,-0.030198707389125334,2007-11-01
MMM,2007-12-31,0.012731088531924728,2007-12-01
MMM,2008-01-31,-0.05538401990412389,2008-01-01
MMM,2008-02-29,-0.0094914234461978,2008-02-01
MMM,2008-03-31,0.00956646294035357,2008-03-01
MMM,2008-04-30,-0.028427139538971025,2008-04-01
MMM,2008-05-30,0.015129067075085656,2008-05-01
MMM,2008-06-30,-0.102758835865018,2008-06-01
MMM,2008-07-31,0.011495735060425227,2008-07-01
MMM,2008-08-29,0.02437253889844282,2008-08-01
MMM,2008-09-30,-0.045949809917698814,2008-09-01
MMM,2008-10-31,-0.05870297064475183,2008-10-01
MMM,2008-11-28,0.04934122144228925,2008-11-01
MMM,2008-12-31,-0.14029614506021626,2008-12-01
MMM,2009-01-30,-0.06517162670511012,2009-01-01
MMM,2009-02-27,-0.14567328869015017,2009-02-01
MMM,2009-03-31,0.09370873893490983,2009-03-01
MMM,2009-04-30,0.1584872452216901,2009-04-01
MMM,2009-05-29,-3.66907857162202e-5,2009-05-01
MMM,2009-06-30,0.05253935098452689,2009-06-01
MMM,2009-07-31,0.1733778640992134,2009-07-01
MMM,2009-08-31,0.029870767027572853,2009-08-01
MMM,2009-09-30,0.023578268747108666,2009-09-01
MMM,2009-10-30,-0.00311617358509797,2009-10-01
MMM,2009-11-30,0.05946149446359761,2009-11-01
MMM,2009-12-31,0.06753578217983458,2009-12-01
MMM,2010-01-29,-0.026369367868344207,2010-01-01
MMM,2010-02-26,0.0023149867630147813,2010-02-01
MMM,2010-03-31,0.042670255816805946,2010-03-01
MMM,2010-04-30,0.06102633133994417,2010-04-01
MMM,2010-05-28,-0.09993573235183162,2010-05-01
MMM,2010-06-30,-0.00403524564816049,2010-06-01
MMM,2010-07-30,0.08292243532104404,2010-07-01
MMM,2010-08-31,-0.07594728707071674,2010-08-01
MMM,2010-09-30,0.10388291766027247,2010-09-01
MMM,2010-10-29,-0.02871600923730344,2010-10-01
MMM,2010-11-30,0.003403637505901669,2010-11-01
MMM,2010-12-31,0.027625585019610766,2010-12-01
MMM,2011-01-31,0.01877176259878155,2011-01-01
MMM,2011-02-28,0.05533116924610315,2011-02-01
MMM,2011-03-31,0.01376965594551205,2011-03-01
MMM,2011-04-29,0.039678836629109204,2011-04-01
MMM,2011-05-31,-0.023389345734491473,2011-05-01
MMM,2011-06-30,0.004980014100871788,2011-06-01
MMM,2011-07-29,-0.08128640604227189,2011-07-01
MMM,2011-08-31,-0.041319458733261816,2011-08-01
MMM,2011-09-30,-0.13485150940278545,2011-09-01
MMM,2011-10-31,0.10071028993841602,2011-10-01
MMM,2011-11-30,0.03280970251252269,2011-11-01
MMM,2011-12-30,0.008514209527729077,2011-12-01
MMM,2012-01-31,0.060932330403675516,2012-01-01
MMM,2012-02-29,0.017083522236051252,2012-02-01
MMM,2012-03-30,0.01837945848156819,2012-03-01
MMM,2012-04-30,0.0016813947526121975,2012-04-01
MMM,2012-05-31,-0.04885196762917876,2012-05-01
MMM,2012-06-29,0.06148578983164077,2012-06-01
MMM,2012-07-31,0.018191531303655806,2012-07-01
MMM,2012-08-31,0.02148280546155612,2012-08-01
MMM,2012-09-28,-0.0019437520820678733,2012-09-01
MMM,2012-10-31,-0.0521534663254295,2012-10-01
MMM,2012-11-30,0.045127044087536206,2012-11-01
MMM,2012-12-31,0.020890136375968815,2012-12-01
MMM,2013-01-31,0.08292937340377482,2013-01-01
MMM,2013-02-28,0.04069913402673375,2013-02-01
MMM,2013-03-28,0.022211556496935847,2013-03-01
MMM,2013-04-30,-0.015050650518983688,2013-04-01
MMM,2013-05-31,0.05910334078343715,2013-05-01
MMM,2013-06-28,-0.008343167540175611,2013-06-01
MMM,2013-07-31,0.0738912031900898,2013-07-01
MMM,2013-08-30,-0.027434823966975275,2013-08-01
MMM,2013-09-30,0.05132942083901426,2013-09-01
MMM,2013-10-31,0.05393197182261611,2013-10-01
MMM,2013-11-29,0.06607147177820072,2013-11-01
MMM,2013-12-31,0.05048267462790612,2013-12-01
MMM,2014-01-31,-0.08598889071399762,2014-01-01
MMM,2014-02-28,0.05792366022970774,2014-02-01
MMM,2014-03-31,0.006902866212653347,2014-03-01
MMM,2014-04-30,0.02528384051495136,2014-04-01
MMM,2014-05-30,0.0311626530889888,2014-05-01
MMM,2014-06-30,0.004840773403060661,2014-06-01
MMM,2014-07-31,-0.01640606670299738,2014-07-01
MMM,2014-08-29,0.028168007264465666,2014-08-01
MMM,2014-09-30,-0.01611099492738144,2014-09-01
MMM,2014-10-31,0.08533331708866876,2014-10-01
MMM,2014-11-28,0.04668771492132895,2014-11-01
MMM,2014-12-31,0.026423009879991355,2014-12-01
MMM,2015-01-30,-0.012293144398050071,2015-01-01
MMM,2015-02-27,0.04558853770003224,2015-02-01
MMM,2015-03-31,-0.021939108222811088,2015-03-01
MMM,2015-04-30,-0.05189450843329524,2015-04-01
MMM,2015-05-29,0.023632815893211756,2015-05-01
MMM,2015-06-30,-0.03004774748072292,2015-06-01
MMM,2015-07-31,-0.019183635068160343,2015-07-01
MMM,2015-08-31,-0.05425372684754859,2015-08-01
MMM,2015-09-30,-0.002603355766408466,2015-09-01
MMM,2015-10-30,0.108909296250576,2015-10-01
MMM,2015-11-30,0.0025365476339274107,2015-11-01
MMM,2015-12-31,-0.03793600380678275,2015-12-01
MMM,2016-01-29,0.0023896822177111865,2016-01-01
MMM,2016-02-29,0.04638041856181441,2016-02-01
MMM,2016-03-31,0.06221698699835243,2016-03-01
MMM,2016-04-29,0.004500973372007611,2016-04-01
MMM,2016-05-31,0.012311891167333666,2016-05-01
MMM,2016-06-30,0.04039950563594186,2016-06-01
MMM,2016-07-29,0.018501485822557395,2016-07-01
MMM,2016-08-31,0.011195609649673921,2016-08-01
MMM,2016-09-30,-0.016792977574225376,2016-09-01
MMM,2016-10-31,-0.062021196298728154,2016-10-01
MMM,2016-11-30,0.045620776867845825,2016-11-01
MMM,2016-12-30,0.03976923651177766,2016-12-01
MMM,2017-01-31,-0.021000320458068322,2017-01-01
MMM,2017-02-28,0.07289556469957192,2017-02-01
MMM,2017-03-31,0.02672377135211601,2017-03-01
MMM,2017-04-28,0.023519724928772634,2017-04-01
MMM,2017-05-31,0.0503558363720491,2017-05-01
MMM,2017-06-30,0.01819323184582866,2017-06-01
MMM,2017-07-31,-0.033719100579828076,2017-07-01
MMM,2017-08-31,0.021500535450647673,2017-08-01
MMM,2017-09-29,0.02730990875494954,2017-09-01
MMM,2017-10-31,0.09666507734627428,2017-10-01
MMM,2017-11-30,0.061586447521356114,2017-11-01
MMM,2017-12-29,-0.03195712512384097,2017-12-01
MMM,2018-01-31,0.06428208740601704,2018-01-01
MMM,2018-02-28,-0.054296485504685355,2018-02-01
MMM,2018-03-29,-0.0678951805528778,2018-03-01
MMM,2018-04-30,-0.11447720891203084,2018-04-01
MMM,2018-05-31,0.02154901190641989,2018-05-01
MMM,2018-06-29,-0.0025859097923731644,2018-06-01
MMM,2018-07-31,0.07930050617527451,2018-07-01
MMM,2018-08-31,6.503155397052929e-5,2018-08-01
MMM,2018-09-28,-9.957949755629025e-4,2018-09-01
MMM,2018-10-31,-0.09705278505457027,2018-10-01
MMM,2018-11-30,0.1002832978498236,2018-11-01
MMM,2018-12-31,-0.08358998437317311,2018-12-01
MMM,2019-01-31,0.05122271342432061,2019-01-01
MMM,2019-02-28,0.04255562940253044,2019-02-01
MMM,2019-03-29,0.0018806067753025513,2019-03-01
MMM,2019-04-30,-0.08792948777961584,2019-04-01
MMM,2019-05-31,-0.14982433028244868,2019-05-01
MMM,2019-06-28,0.08507078711483484,2019-06-01
MMM,2019-07-31,0.007960876714935283,2019-07-01
MMM,2019-08-30,-0.0659350935781331,2019-08-01
MMM,2019-09-30,0.016571745219025935,2019-09-01
MMM,2019-10-31,0.0035889233463606285,2019-10-01
MMM,2019-11-29,0.03787980601780516,2019-11-01
MMM,2019-12-31,0.03917055327217822,2019-12-01
MMM,2020-01-31,-0.10066882301239388,2020-01-01
MMM,2020-02-28,-0.050854301941262725,2020-02-01
MMM,2020-03-31,-0.08529861538536987,2020-03-01
MMM,2020-04-30,0.11288531257919465,2020-04-01
MMM,2020-05-29,0.03996585676991771,2020-05-01
MMM,2020-06-30,-0.0028762325327776894,2020-06-01
MMM,2020-07-31,-0.035386896404933754,2020-07-01
MMM,2020-08-31,0.09326665537807388,2020-08-01
MMM,2020-09-30,-0.01742135742043771,2020-09-01
MMM,2020-10-30,-0.0013734087909511583,2020-10-01
MMM,2020-11-30,0.08917378243821239,2020-11-01
MMM,2020-12-31,0.011926133064442013,2020-12-01
MMM,2021-01-29,0.004977389851109848,2021-01-01
MMM,2021-02-26,0.0047967419016543555,2021-02-01
MMM,2021-03-31,0.10065083991839185,2021-03-01
MMM,2021-04-30,0.023147452432112914,2021-04-01
MMM,2021-05-28,0.03750694213319883,2021-05-01
MMM,2021-06-30,-0.0217196849224639,2021-06-01
MMM,2021-07-30,-0.0034741003163286654,2021-07-01
MMM,2021-08-31,-0.00865609403054024,2021-08-01
MMM,2021-09-30,-0.0992092165808065,2021-09-01
MMM,2021-10-29,0.018583849179536704,2021-10-01
MMM,2021-11-30,-0.04061021489740879,2021-11-01
MMM,2021-12-31,0.04463693111966616,2021-12-01
MMM,2022-01-31,-0.06536051349936722,2022-01-01
MMM,2022-02-28,-0.09597101435343669,2022-02-01
MMM,2022-03-31,0.0015473693535512645,2022-03-01
MMM,2022-04-29,-0.03130050664282735,2022-04-01
MMM,2022-05-31,0.045615750800763744,2022-05-01
MMM,2022-06-30,-0.1331635793496,2022-06-01
MMM,2022-07-29,0.10686955417680544,2022-07-01
MMM,2022-08-31,-0.12296744006694105,2022-08-01
MMM,2022-09-30,-0.11137929528235913,2022-09-01
MMM,2022-10-31,0.13837110778604744,2022-10-01
MMM,2022-11-30,0.013157094478366771,2022-11-01
MMM,2022-12-30,-0.048027391995585256,2022-12-01
MMM,2023-01-31,-0.04036010719747707,2023-01-01
MMM,2023-02-28,-0.05138582946838821,2023-02-01
MMM,2023-03-31,-0.024410589675653793,2023-03-01
MMM,2023-04-28,0.010560141081619845,2023-04-01
MMM,2023-05-31,-0.10818694704757392,2023-05-01
MMM,2023-06-30,0.07266122725591417,2023-06-01
MMM,2023-07-31,0.11399729117098589,2023-07-01
MMM,2023-08-31,-0.029011255668015434,2023-08-01
MMM,2023-09-29,-0.12233975752306425,2023-09-01
MMM,2023-10-31,-0.028519647131440062,2023-10-01
MMM,2023-11-30,0.1064211971714677,2023-11-01
MMM,2023-12-29,0.10346232921223963,2023-12-01
MMM,2024-01-31,-0.1369374970943542,2024-01-01
MMM,2024-02-29,-0.007418096503699401,2024-02-01
MMM,2024-03-28,0.15143284957982983,2024-03-01
MMM,2024-04-30,0.08820541425820272,2024-04-01
MMM,2024-05-31,0.044819226307934334,2024-05-01
MMM,2024-06-28,0.02047128968615808,2024-06-01
MMM,2024-07-31,0.2481651431941494,2024-07-01
MMM,2024-08-30,0.061670605855486116,2024-08-01
MMM,2024-09-30,0.014923258454032196,2024-09-01
MMM,2024-10-31,-0.06020482748001532,2024-10-01
MMM,2024-11-29,0.04491436552018535,2024-11-01
MMM,2024-12-30,-0.032951398842991475,2024-12-01
VZ,2000-01-31,0.04004877951543273,2000-01-01
VZ,2000-02-29,-0.2098891503646526,2000-02-01
VZ,2000-03-31,0.24904247748070274,2000-03-01
VZ,2000-04-28,-0.012386970088252514,2000-04-01
VZ,2000-05-31,-0.11875017166699453,2000-05-01
VZ,2000-06-30,-0.039007328562794874,2000-06-01
VZ,2000-07-31,-0.07212553938655708,2000-07-01
VZ,2000-08-31,-0.06918414406589135,2000-08-01
VZ,2000-09-29,0.11310608652515675,2000-09-01
VZ,2000-10-31,0.20291581806367365,2000-10-01
VZ,2000-11-30,-0.028107983259244906,2000-11-01
VZ,2000-12-29,-0.10789755287535163,2000-12-01
VZ,2001-01-31,0.10404906122074542,2001-01-01
VZ,2001-02-28,-0.09918088709027528,2001-02-01
VZ,2001-03-30,-0.004040038641235255,2001-03-01
VZ,2001-04-30,0.12579478203210948,2001-04-01
VZ,2001-05-31,-0.0039953312772070815,2001-05-01
VZ,2001-06-29,-0.024612613729969035,2001-06-01
VZ,2001-07-31,0.019417732140069255,2001-07-01
VZ,2001-08-31,-0.07663892323850718,2001-08-01
VZ,2001-09-28,0.08219975687255521,2001-09-01
VZ,2001-10-31,-0.0729725968179562,2001-10-01
VZ,2001-11-30,-0.056414499542116414,2001-11-01
VZ,2001-12-31,0.009787447862974918,2001-12-01
VZ,2002-01-31,-0.01585562157966569,2002-01-01
VZ,2002-02-28,0.009708492150591663,2002-02-01
VZ,2002-03-28,-0.014956872912700092,2002-03-01
VZ,2002-04-30,-0.12246013417026047,2002-04-01
VZ,2002-05-31,0.07205119045154862,2002-05-01
VZ,2002-06-28,-0.06627885890074081,2002-06-01
VZ,2002-07-31,-0.16986383444256203,2002-07-01
VZ,2002-08-30,-0.060606356686795704,2002-08-01
VZ,2002-09-30,-0.1148388908567034,2002-09-01
VZ,2002-10-31,0.392642455206772,2002-10-01
VZ,2002-11-29,0.10910976158273678,2002-11-01
VZ,2002-12-31,-0.07473707846908373,2002-12-01
VZ,2003-01-31,-0.0033323292314536568,2003-01-01
VZ,2003-02-28,-0.0966562391329494,2003-02-01
VZ,2003-03-31,0.022266807910058084,2003-03-01
VZ,2003-04-30,0.06905983547005379,2003-04-01
VZ,2003-05-30,0.012572668479303939,2003-05-01
VZ,2003-06-30,0.04227283457008624,2003-06-01
VZ,2003-07-31,-0.10418943178694817,2003-07-01
VZ,2003-08-29,0.009142272493858794,2003-08-01
VZ,2003-09-30,-0.08153994552030497,2003-09-01
VZ,2003-10-31,0.04780056696551882,2003-10-01
VZ,2003-11-28,-0.022619433376538156,2003-11-01
VZ,2003-12-31,0.0682092205530278,2003-12-01
VZ,2004-01-30,0.06182943300796029,2004-01-01
VZ,2004-02-27,0.039880444819895056,2004-02-01
VZ,2004-03-31,-0.04669951932106864,2004-03-01
VZ,2004-04-30,0.04351121224288179,2004-04-01
VZ,2004-05-28,-0.08373127002764891,2004-05-01
VZ,2004-06-30,0.04655932581362965,2004-06-01
VZ,2004-07-30,0.07642754791233086,2004-07-01
VZ,2004-08-31,0.018422141852165064,2004-08-01
VZ,2004-09-30,0.003312391961293848,2004-09-01
VZ,2004-10-29,0.002260614448898357,2004-10-01
VZ,2004-11-30,0.054475321615157,2004-11-01
VZ,2004-12-31,-0.017463150873192723,2004-12-01
VZ,2005-01-31,-0.11291789906521521,2005-01-01
VZ,2005-02-28,0.010677689585451233,2005-02-01
VZ,2005-03-31,-0.013066173542963577,2005-03-01
VZ,2005-04-29,0.019999348467485634,2005-04-01
VZ,2005-05-31,-0.011732145220344936,2005-05-01
VZ,2005-06-30,-0.023459936962137773,2005-06-01
VZ,2005-07-29,0.002363618827954106,2005-07-01
VZ,2005-08-31,-0.04440567317154587,2005-08-01
VZ,2005-09-30,-6.112982811112833e-4,2005-09-01
VZ,2005-10-31,-0.023826183867420414,2005-10-01
VZ,2005-11-30,0.0149158602532391,2005-11-01
VZ,2005-12-30,-0.05816109874129949,2005-12-01
VZ,2006-01-31,0.06476245976314132,2006-01-01
VZ,2006-02-28,0.0644338411440799,2006-02-01
VZ,2006-03-31,0.010682833743963727,2006-03-01
VZ,2006-04-28,-0.018700931798830145,2006-04-01
VZ,2006-05-31,-0.055101678290212064,2006-05-01
VZ,2006-06-30,0.07305354486097304,2006-06-01
VZ,2006-07-31,0.022291351509494683,2006-07-01
VZ,2006-08-31,0.04021217450761205,2006-08-01
VZ,2006-09-29,0.055429582068836636,2006-09-01
VZ,2006-10-31,0.007285015395976924,2006-10-01
VZ,2006-11-30,-0.01973883521165265,2006-11-01
VZ,2006-12-29,0.0658272117734906,2006-12-01
VZ,2007-01-31,0.04570102669935294,2007-01-01
VZ,2007-02-28,-0.029075421854841688,2007-02-01
VZ,2007-03-30,0.013903608209326013,2007-03-01
VZ,2007-04-30,0.017696864779273902,2007-04-01
VZ,2007-05-31,0.14012634713356809,2007-05-01
VZ,2007-06-29,-0.05421556186221532,2007-06-01
VZ,2007-07-31,0.04530417095728678,2007-07-01
VZ,2007-08-31,-0.017362582969914775,2007-08-01
VZ,2007-09-28,0.05730630020406946,2007-09-01
VZ,2007-10-31,0.05036873741757586,2007-10-01
VZ,2007-11-30,-0.06207978360695743,2007-11-01
VZ,2007-12-31,0.011108810282172588,2007-12-01
VZ,2008-01-31,-0.10233406759230412,2008-01-01
VZ,2008-02-29,-0.06464078120980399,2008-02-01
VZ,2008-03-31,0.0035795708397454717,2008-03-01
VZ,2008-04-30,0.07293925050177541,2008-04-01
VZ,2008-05-30,-2.598938391811245e-4,2008-05-01
VZ,2008-06-30,-0.07980285055901681,2008-06-01
VZ,2008-07-31,-0.026604051065632572,2008-07-01
VZ,2008-08-29,0.03172776682712031,2008-08-01
VZ,2008-09-30,-0.08627595408746735,2008-09-01
VZ,2008-10-31,-0.060452517854374443,2008-10-01
VZ,2008-11-28,0.10043780713842954,2008-11-01
VZ,2008-12-31,0.03828479320568556,2008-12-01
VZ,2009-01-30,-0.10601216648819434,2009-01-01
VZ,2009-02-27,-0.0448611035968568,2009-02-01
VZ,2009-03-31,0.05853502770118579,2009-03-01
VZ,2009-04-30,0.018824517512899153,2009-04-01
VZ,2009-05-29,-0.03559614197922767,2009-05-01
VZ,2009-06-30,0.05023857399872145,2009-06-01
VZ,2009-07-31,0.060057652324409405,2009-07-01
VZ,2009-08-31,-0.032117168483105196,2009-08-01
VZ,2009-09-30,-0.024807065589527277,2009-09-01
VZ,2009-10-30,-0.0068274366703685585,2009-10-01
VZ,2009-11-30,0.06319653541204251,2009-11-01
VZ,2009-12-31,0.053083549545624775,2009-12-01
VZ,2010-01-29,-0.0991485595298972,2010-01-01
VZ,2010-02-26,-0.016655329686819154,2010-02-01
VZ,2010-03-31,0.07224342043805354,2010-03-01
VZ,2010-04-30,-0.05394007755311214,2010-04-01
VZ,2010-05-28,-0.04775088663316984,2010-05-01
VZ,2010-06-30,0.0181686938232426,2010-06-01
VZ,2010-07-30,0.12589663309203658,2010-07-01
VZ,2010-08-31,0.01617307249217914,2010-08-01
VZ,2010-09-30,0.10362411226377954,2010-09-01
VZ,2010-10-29,0.011325757288554339,2010-10-01
VZ,2010-11-30,-0.014470419133196688,2010-11-01
VZ,2010-12-31,0.11777559448804675,2010-12-01
VZ,2011-01-31,0.008594265283987212,2011-01-01
VZ,2011-02-28,0.03649652577802276,2011-02-01
VZ,2011-03-31,0.04387808864110587,2011-03-01
VZ,2011-04-29,-0.0070944465913701515,2011-04-01
VZ,2011-05-31,-0.022498901633890567,2011-05-01
VZ,2011-06-30,0.008123400839327832,2011-06-01
VZ,2011-07-29,-0.03971774164240016,2011-07-01
VZ,2011-08-31,0.02493634967110503,2011-08-01
VZ,2011-09-30,0.017417572042447427,2011-09-01
VZ,2011-10-31,0.018886899929536405,2011-10-01
VZ,2011-11-30,0.020281513114357663,2011-11-01
VZ,2011-12-30,0.06334483202750674,2011-12-01
VZ,2012-01-31,-0.04910635678185604,2012-01-01
VZ,2012-02-29,0.011948987566245073,2012-02-01
VZ,2012-03-30,0.0031485830746258436,2012-03-01
VZ,2012-04-30,0.07017687071412637,2012-04-01
VZ,2012-05-31,0.031203573241914695,2012-05-01
VZ,2012-06-29,0.06724344029060592,2012-06-01
VZ,2012-07-31,0.027192170420700768,2012-07-01
VZ,2012-08-31,-0.04873720551036653,2012-08-01
VZ,2012-09-28,0.061248352552530694,2012-09-01
VZ,2012-10-31,-0.009615616965027995,2012-10-01
VZ,2012-11-30,-0.011648779709536261,2012-11-01
VZ,2012-12-31,-0.019265395035448774,2012-12-01
VZ,2013-01-31,0.01960715530580459,2013-01-01
VZ,2013-02-28,0.06695695116187195,2013-02-01
VZ,2013-03-28,0.056308047471646416,2013-03-01
VZ,2013-04-30,0.10836398898641342,2013-04-01
VZ,2013-05-31,-0.10072362535081325,2013-05-01
VZ,2013-06-28,0.0383665937694293,2013-06-01
VZ,2013-07-31,-0.007116517599385697,2013-07-01
VZ,2013-08-30,-0.04244140182680023,2013-08-01
VZ,2013-09-30,-0.014985493911168657,2013-09-01
VZ,2013-10-31,0.0945475743573605,2013-10-01
VZ,2013-11-29,-0.017620522209028988,2013-11-01
VZ,2013-12-31,-0.00967358336087909,2013-12-01
VZ,2014-01-31,-0.01217255862455957,2014-01-01
VZ,2014-02-28,-0.00916260562244986,2014-02-01
VZ,2014-03-31,-2.1006884906571432e-4,2014-03-01
VZ,2014-04-30,-0.006718232023803394,2014-04-01
VZ,2014-05-30,0.06912063283080827,2014-05-01
VZ,2014-06-30,-0.02061620035922973,2014-06-01
VZ,2014-07-31,0.041546783297726764,2014-07-01
VZ,2014-08-29,-0.011899701662591577,2014-08-01
VZ,2014-09-30,0.003412622038331481,2014-09-01
VZ,2014-10-31,0.016453554492799283,2014-10-01
VZ,2014-11-28,0.006766107874343952,2014-11-01
VZ,2014-12-31,-0.07531109957607574,2014-12-01
VZ,2015-01-30,-0.01131301965135445,2015-01-01
VZ,2015-02-27,0.08181997216535497,2015-02-01
VZ,2015-03-31,-0.01658193948319764,2015-03-01
VZ,2015-04-30,0.04892859324314047,2015-04-01
VZ,2015-05-29,-0.019825494495364526,2015-05-01
VZ,2015-06-30,-0.057241155098343266,2015-06-01
VZ,2015-07-31,0.015684667186435908,2015-07-01
VZ,2015-08-31,-0.016670171986738924,2015-08-01
VZ,2015-09-30,-0.05433622615237632,2015-09-01
VZ,2015-10-30,0.09144956410787586,2015-10-01
VZ,2015-11-30,-0.03050327622874871,2015-11-01
VZ,2015-12-31,0.016941587269145186,2015-12-01
VZ,2016-01-29,0.09443176548344567,2016-01-01
VZ,2016-02-29,0.01520877305251811,2016-02-01
VZ,2016-03-31,0.06603567404266397,2016-03-01
VZ,2016-04-29,-0.04811886898516449,2016-04-01
VZ,2016-05-31,-7.850086218806895e-4,2016-05-01
VZ,2016-06-30,0.097052832088935,2016-06-01
VZ,2016-07-29,0.0023173116820849327,2016-07-01
VZ,2016-08-31,-0.05558535370906048,2016-08-01
VZ,2016-09-30,-0.006688444400608784,2016-09-01
VZ,2016-10-31,-0.06409102406789724,2016-10-01
VZ,2016-11-30,0.03742173630232948,2016-11-01
VZ,2016-12-30,0.06973948173374023,2016-12-01
VZ,2017-01-31,-0.07204953483043319,2017-01-01
VZ,2017-02-28,0.01265073431078001,2017-02-01
VZ,2017-03-31,-0.01773156573358936,2017-03-01
VZ,2017-04-28,-0.04701961185337844,2017-04-01
VZ,2017-05-31,0.01590071601750842,2017-05-01
VZ,2017-06-30,-0.04245289470451963,2017-06-01
VZ,2017-07-31,0.09795742454187728,2017-07-01
VZ,2017-08-31,-0.008884568744554344,2017-08-01
VZ,2017-09-29,0.03168628916729577,2017-09-01
VZ,2017-10-31,-0.02112958066972115,2017-10-01
VZ,2017-11-30,0.06308762566304082,2017-11-01
VZ,2017-12-29,0.04008628044036233,2017-12-01
VZ,2018-01-31,0.0331733029799397,2018-01-01
VZ,2018-02-28,-0.11707063833219422,2018-02-01
VZ,2018-03-29,0.0016759600839282296,2018-03-01
VZ,2018-04-30,0.044979885764055316,2018-04-01
VZ,2018-05-31,-0.03404268804766353,2018-05-01
VZ,2018-06-29,0.055380915643117756,2018-06-01
VZ,2018-07-31,0.0383359647240209,2018-07-01
VZ,2018-08-31,0.05286630115294111,2018-08-01
VZ,2018-09-28,-0.01802447856457745,2018-09-01
VZ,2018-10-31,0.08115013939095661,2018-10-01
VZ,2018-11-30,0.05622732769044747,2018-11-01
VZ,2018-12-31,-0.0676619842325421,2018-12-01
VZ,2019-01-31,-0.010411851377623793,2019-01-01
VZ,2019-02-28,0.033781458168954615,2019-02-01
VZ,2019-03-29,0.038826385826906895,2019-03-01
VZ,2019-04-30,-0.02284417605756084,2019-04-01
VZ,2019-05-31,-0.049658836381988425,2019-05-01
VZ,2019-06-28,0.05114982485325292,2019-06-01
VZ,2019-07-31,-0.02237390664843064,2019-07-01
VZ,2019-08-30,0.05228851812529367,2019-08-01
VZ,2019-09-30,0.03782666640004417,2019-09-01
VZ,2019-10-31,0.012246698681512624,2019-10-01
VZ,2019-11-29,-0.0038034940116640215,2019-11-01
VZ,2019-12-31,0.019256144904579164,2019-12-01
VZ,2020-01-31,-0.02184711814179574,2020-01-01
VZ,2020-02-28,-0.08882876091637104,2020-02-01
VZ,2020-03-31,-0.00793973611816956,2020-03-01
VZ,2020-04-30,0.08073422814118558,2020-04-01
VZ,2020-05-29,-0.0012184316102126225,2020-05-01
VZ,2020-06-30,-0.039212131319021126,2020-06-01
VZ,2020-07-31,0.05433499330423075,2020-07-01
VZ,2020-08-31,0.031141213364165976,2020-08-01
VZ,2020-09-30,0.003712029131363037,2020-09-01
VZ,2020-10-30,-0.03182421471488461,2020-10-01
VZ,2020-11-30,0.06001067892767176,2020-11-01
VZ,2020-12-31,-0.027478980805653364,2020-12-01
VZ,2021-01-29,-0.05810856445122903,2021-01-01
VZ,2021-02-26,0.01004570394270754,2021-02-01
VZ,2021-03-31,0.0515370368561352,2021-03-01
VZ,2021-04-30,0.00450101342936482,2021-04-01
VZ,2021-05-28,-0.02249524330846886,2021-05-01
VZ,2021-06-30,-0.008143125667548046,2021-06-01
VZ,2021-07-30,0.00672192749528433,2021-07-01
VZ,2021-08-31,-0.013983481035612755,2021-08-01
VZ,2021-09-30,-0.017999897054826075,2021-09-01
VZ,2021-10-29,-0.007233708436041986,2021-10-01
VZ,2021-11-30,-0.05133019232426439,2021-11-01
VZ,2021-12-31,0.03361825624462411,2021-12-01
VZ,2022-01-31,0.036784424119516324,2022-01-01
VZ,2022-02-28,0.008266182817525225,2022-02-01
VZ,2022-03-31,-0.05086645599930684,2022-03-01
VZ,2022-04-29,-0.08002027912282561,2022-04-01
VZ,2022-05-31,0.10777523151103763,2022-05-01
VZ,2022-06-30,-0.010528087515385698,2022-06-01
VZ,2022-07-29,-0.07840151984198351,2022-07-01
VZ,2022-08-31,-0.09482585266765564,2022-08-01
VZ,2022-09-30,-0.09184387185716902,2022-09-01
VZ,2022-10-31,7.844905515470568e-4,2022-10-01
VZ,2022-11-30,0.04308271924605189,2022-11-01
VZ,2022-12-30,0.010774881682462212,2022-12-01
VZ,2023-01-31,0.07166268530266917,2023-01-01
VZ,2023-02-28,-0.06639399686726233,2023-02-01
VZ,2023-03-31,0.00206135019992848,2023-03-01
VZ,2023-04-28,0.014981414268246507,2023-04-01
VZ,2023-05-31,-0.08241053785758501,2023-05-01
VZ,2023-06-30,0.043783018134910145,2023-06-01
VZ,2023-07-31,-0.06721966153664838,2023-07-01
VZ,2023-08-31,0.02640832466272225,2023-08-01
VZ,2023-09-29,-0.07347040486310774,2023-09-01
VZ,2023-10-31,0.10706073437199293,2023-10-01
VZ,2023-11-30,0.0910903384342463,2023-11-01
VZ,2023-12-29,-0.01643612614708201,2023-12-01
VZ,2024-01-31,0.14228530238888126,2024-01-01
VZ,2024-02-29,-0.05501784806105514,2024-02-01
VZ,2024-03-28,0.048475802617348185,2024-03-01
VZ,2024-04-30,-0.04362507854843567,2024-04-01
VZ,2024-05-31,0.04203617879499233,2024-05-01
VZ,2024-06-28,0.002186930044985713,2024-06-01
VZ,2024-07-31,-0.0013791357458865505,2024-07-01
VZ,2024-08-30,0.031095572781858927,2024-08-01
VZ,2024-09-30,0.07491638823838143,2024-09-01
VZ,2024-10-31,-0.047257220522946564,2024-10-01
VZ,2024-11-29,0.05245660760803972,2024-11-01
VZ,2024-12-30,-0.10690125837483189,2024-12-01
PFE,2000-01-31,0.13529409992489594,2000-01-01
PFE,2000-02-29,-0.11001058687916954,2000-02-01
PFE,2000-03-31,0.1381325043931947,2000-03-01
PFE,2000-04-28,0.15213669788402906,2000-04-01
PFE,2000-05-31,0.058444800995432145,2000-05-01
PFE,2000-06-30,0.07865194609331194,2000-06-01
PFE,2000-07-31,-0.09635373720426099,2000-07-01
PFE,2000-08-31,-0.0032677707350037277,2000-08-01
PFE,2000-09-29,0.0412888332397634,2000-09-01
PFE,2000-10-31,-0.038608780365034234,2000-10-01
PFE,2000-11-30,0.028211232236431405,2000-11-01
PFE,2000-12-29,0.03808184847287932,2000-12-01
PFE,2001-01-31,-0.01847831781273368,2001-01-01
PFE,2001-02-28,-8.816947141088161e-4,2001-02-01
PFE,2001-03-30,-0.09000028579673436,2001-03-01
PFE,2001-04-30,0.05738715948408957,2001-04-01
PFE,2001-05-31,-0.006926208958171753,2001-05-01
PFE,2001-06-29,-0.06621628741570373,2001-06-01
PFE,2001-07-31,0.029213875982931237,2001-07-01
PFE,2001-08-31,-0.06810108745628751,2001-08-01
PFE,2001-09-28,0.04672442146915157,2001-09-01
PFE,2001-10-31,0.044887408254495664,2001-10-01
PFE,2001-11-30,0.03632904568295303,2001-11-01
PFE,2001-12-31,-0.07988883539788239,2001-12-01
PFE,2002-01-31,0.04567024137289266,2002-01-01
PFE,2002-02-28,-0.013925435635424144,2002-02-01
PFE,2002-03-28,-0.029784761385738823,2002-03-01
PFE,2002-04-30,-0.08530452681260947,2002-04-01
PFE,2002-05-31,-0.04482037895598512,2002-05-01
PFE,2002-06-28,0.011560837500655952,2002-06-01
PFE,2002-07-31,-0.07571384178734009,2002-07-01
PFE,2002-08-30,0.026765390165478298,2002-08-01
PFE,2002-09-30,-0.12273311932313691,2002-09-01
PFE,2002-10-31,0.09476252857195555,2002-10-01
PFE,2002-11-29,-0.0036959530370518356,2002-11-01
PFE,2002-12-31,-0.03044729602549845,2002-12-01
PFE,2003-01-31,-0.0020435172762128806,2003-01-01
PFE,2003-02-28,-0.017787012403349012,2003-02-01
PFE,2003-03-31,0.04493649054388005,2003-03-01
PFE,2003-04-30,-0.01315792595303944,2003-04-01
PFE,2003-05-30,0.013346845314913924,2003-05-01
PFE,2003-06-30,0.10090221503309871,2003-06-01
PFE,2003-07-31,-0.023133102983579623,2003-07-01
PFE,2003-08-29,-0.09900612241199869,2003-08-01
PFE,2003-09-30,0.015374708793784997,2003-09-01
PFE,2003-10-31,0.04015766611435878,2003-10-01
PFE,2003-11-28,0.06737708791701014,2003-11-01
PFE,2003-12-31,0.05242755980288205,2003-12-01
PFE,2004-01-30,0.03679566894562858,2004-01-01
PFE,2004-02-27,0.0050375652772534085,2004-02-01
PFE,2004-03-31,-0.04365617513736231,2004-03-01
PFE,2004-04-30,0.020257282741430238,2004-04-01
PFE,2004-05-28,-0.0070446095050831214,2004-05-01
PFE,2004-06-30,-0.029994488768483984,2004-06-01
PFE,2004-07-30,-0.0676781643868567,2004-07-01
PFE,2004-08-31,0.027765913141389653,2004-08-01
PFE,2004-09-30,-0.06336114574342255,2004-09-01
PFE,2004-10-29,-0.053921807462884,2004-10-01
PFE,2004-11-30,-0.03498535503362443,2004-11-01
PFE,2004-12-31,-0.03168917639187585,2004-12-01
PFE,2005-01-31,-0.10152430307803129,2005-01-01
PFE,2005-02-28,0.09631483333190793,2005-02-01
PFE,2005-03-31,-7.606897421098546e-4,2005-03-01
PFE,2005-04-29,0.03425950680111156,2005-04-01
PFE,2005-05-31,0.033970400252413935,2005-05-01
PFE,2005-06-30,-0.011469129698686076,2005-06-01
PFE,2005-07-29,-0.03915881588907377,2005-07-01
PFE,2005-08-31,-0.03159969269431695,2005-08-01
PFE,2005-09-30,-0.020015768687251412,2005-09-01
PFE,2005-10-31,-0.12935482206787108,2005-10-01
PFE,2005-11-30,-0.016447932392971376,2005-11-01
PFE,2005-12-30,0.09999970811356707,2005-12-01
PFE,2006-01-31,0.10120108645466153,2006-01-01
PFE,2006-02-28,0.0296737337966424,2006-02-01
PFE,2006-03-31,-0.048491237687212196,2006-03-01
PFE,2006-04-28,0.01645201359125159,2006-04-01
PFE,2006-05-31,-0.057058044396997465,2006-05-01
PFE,2006-06-30,-0.008030808579457371,2006-06-01
PFE,2006-07-31,0.10737087371889831,2006-07-01
PFE,2006-08-31,0.07022706904634402,2006-08-01
PFE,2006-09-29,0.029027118612695357,2006-09-01
PFE,2006-10-31,-0.06029565949141191,2006-10-01
PFE,2006-11-30,0.040671466363432884,2006-11-01
PFE,2006-12-29,-0.057839107992369465,2006-12-01
PFE,2007-01-31,0.013127339456435294,2007-01-01
PFE,2007-02-28,-0.03838708105806732,2007-02-01
PFE,2007-03-30,0.012019294618379694,2007-03-01
PFE,2007-04-30,0.04750581400290432,2007-04-01
PFE,2007-05-31,0.050061439493311655,2007-05-01
PFE,2007-06-29,-0.06984341669707317,2007-06-01
PFE,2007-07-31,-0.08056332514730424,2007-07-01
PFE,2007-08-31,0.06930690611640578,2007-08-01
PFE,2007-09-28,-0.016506147928193604,2007-09-01
PFE,2007-10-31,0.007368531068234985,2007-10-01
PFE,2007-11-30,-0.02269526876913397,2007-11-01
PFE,2007-12-31,-0.043350636622300764,2007-12-01
PFE,2008-01-31,0.027717010322041435,2008-01-01
PFE,2008-02-29,-0.032752290302764164,2008-02-01
PFE,2008-03-31,-0.06059211059061309,2008-03-01
PFE,2008-04-30,-0.03917877121839031,2008-04-01
PFE,2008-05-30,-0.021968186479153107,2008-05-01
PFE,2008-06-30,-0.09762418083719648,2008-06-01
PFE,2008-07-31,0.0686895089877424,2008-07-01
PFE,2008-08-29,0.04045990044437797,2008-08-01
PFE,2008-09-30,-0.03506016355944852,2008-09-01
PFE,2008-10-31,-0.039588530406914124,2008-10-01
PFE,2008-11-28,-0.05586413839968718,2008-11-01
PFE,2008-12-31,0.07790560262403745,2008-12-01
PFE,2009-01-30,-0.176735628481984,2009-01-01
PFE,2009-02-27,-0.1375361331959707,2009-02-01
PFE,2009-03-31,0.10641775711937718,2009-03-01
PFE,2009-04-30,-0.01908936780865178,2009-04-01
PFE,2009-05-29,0.14985942564832788,2009-05-01
PFE,2009-06-30,-0.012508174075103407,2009-06-01
PFE,2009-07-31,0.06199973470250564,2009-07-01
PFE,2009-08-31,0.058879538033218104,2009-08-01
PFE,2009-09-30,-0.008982143734542425,2009-09-01
PFE,2009-10-30,0.02900313720072356,2009-10-01
PFE,2009-11-30,0.07714426282422804,2009-11-01
PFE,2009-12-31,0.0011011429817240348,2009-12-01
PFE,2010-01-29,0.025838300542334824,2010-01-01
PFE,2010-02-26,-0.05060381980013007,2010-02-01
PFE,2010-03-31,-0.02279203943647712,2010-03-01
PFE,2010-04-30,-0.025072861075246866,2010-04-01
PFE,2010-05-28,-0.07951543701485597,2010-05-01
PFE,2010-06-30,-0.06369001841505151,2010-06-01
PFE,2010-07-30,0.05189388419691077,2010-07-01
PFE,2010-08-31,0.0724808138554045,2010-08-01
PFE,2010-09-30,0.07919535095620889,2010-09-01
PFE,2010-10-29,0.014560247589411102,2010-10-01
PFE,2010-11-30,-0.0546195072403628,2010-11-01
PFE,2010-12-31,0.07423262855562074,2010-12-01
PFE,2011-01-31,0.04054853455827989,2011-01-01
PFE,2011-02-28,0.06708629245004927,2011-02-01
PFE,2011-03-31,0.05561339937244214,2011-03-01
PFE,2011-04-29,0.03249630681734628,2011-04-01
PFE,2011-05-31,0.03279191860822017,2011-05-01
PFE,2011-06-30,-0.039627196848068924,2011-06-01
PFE,2011-07-29,-0.06553365179977266,2011-07-01
PFE,2011-08-31,-0.003034602258986996,2011-08-01
PFE,2011-09-30,-0.06849284415366785,2011-09-01
PFE,2011-10-31,0.08936636571391365,2011-10-01
PFE,2011-11-30,0.05254482254596815,2011-11-01
PFE,2011-12-30,0.07822663524011597,2011-12-01
PFE,2012-01-31,-0.011090915732650752,2012-01-01
PFE,2012-02-29,-0.0023603582078708385,2012-02-01
PFE,2012-03-30,0.07193502144001518,2012-03-01
PFE,2012-04-30,0.011038054143234888,2012-04-01
PFE,2012-05-31,-0.03551424982338103,2012-05-01
PFE,2012-06-29,0.05166896216987826,2012-06-01
PFE,2012-07-31,0.04521738562655653,2012-07-01
PFE,2012-08-31,0.0016796777956240572,2012-08-01
PFE,2012-09-28,0.04149189538631193,2012-09-01
PFE,2012-10-31,8.04517272840588e-4,2012-10-01
PFE,2012-11-30,0.015069307475412241,2012-11-01
PFE,2012-12-31,0.002397949835197144,2012-12-01
PFE,2013-01-31,0.09722537950634891,2013-01-01
PFE,2013-02-28,0.0032994094290446085,2013-02-01
PFE,2013-03-28,0.054439290995433653,2013-03-01
PFE,2013-04-30,0.007276236079477805,2013-04-01
PFE,2013-05-31,-0.05548648839939596,2013-05-01
PFE,2013-06-28,0.02864454037292985,2013-06-01
PFE,2013-07-31,0.052066151544146066,2013-07-01
PFE,2013-08-30,-0.03489577039256797,2013-08-01
PFE,2013-09-30,0.01843295509963916,2013-09-01
PFE,2013-10-31,0.06822156003437208,2013-10-01
PFE,2013-11-29,0.041891884632472065,2013-11-01
PFE,2013-12-31,-0.034667912292222325,2013-12-01
PFE,2014-01-31,-0.007508852092830476,2014-01-01
PFE,2014-02-28,0.06505759005598999,2014-02-01
PFE,2014-03-31,3.114477082846179e-4,2014-03-01
PFE,2014-04-30,-0.026151849957531836,2014-04-01
PFE,2014-05-30,-0.04430629383069906,2014-05-01
PFE,2014-06-30,0.0016873341621426174,2014-06-01
PFE,2014-07-31,-0.024487499230496645,2014-07-01
PFE,2014-08-29,0.024042039179575703,2014-08-01
PFE,2014-09-30,0.006124433165944465,2014-09-01
PFE,2014-10-31,0.01285102550591688,2014-10-01
PFE,2014-11-28,0.04907430643193056,2014-11-01
PFE,2014-12-31,0,2014-12-01
PFE,2015-01-30,0.0032101954226297913,2015-01-01
PFE,2015-02-27,0.10792851170276174,2015-02-01
PFE,2015-03-31,0.013694662917638212,2015-03-01
PFE,2015-04-30,-0.024719570036450533,2015-04-01
PFE,2015-05-29,0.0326412177326143,2015-05-01
PFE,2015-06-30,-0.03510783501953585,2015-06-01
PFE,2015-07-31,0.07545491534941928,2015-07-01
PFE,2015-08-31,-0.09950665848326934,2015-08-01
PFE,2015-09-30,-0.025139522051712215,2015-09-01
PFE,2015-10-30,0.0767268466947002,2015-10-01
PFE,2015-11-30,-0.023225404985895093,2015-11-01
PFE,2015-12-31,-0.01495282856813207,2015-12-01
PFE,2016-01-29,-0.05545229062997137,2016-01-01
PFE,2016-02-29,-0.017110849460574284,2016-02-01
PFE,2016-03-31,-0.0010111732856552536,2016-03-01
PFE,2016-04-29,0.103576327224431,2016-04-01
PFE,2016-05-31,0.07033737147498909,2016-05-01
PFE,2016-06-30,0.014697617361578263,2016-06-01
PFE,2016-07-29,0.04771336867166598,2016-07-01
PFE,2016-08-31,-0.048812893845888494,2016-08-01
PFE,2016-09-30,-0.026724050389649534,2016-09-01
PFE,2016-10-31,-0.06377350348002675,2016-10-01
PFE,2016-11-30,0.023668847635956336,2016-11-01
PFE,2016-12-30,0.010578993217293498,2016-12-01
PFE,2017-01-31,-0.023091040160563514,2017-01-01
PFE,2017-02-28,0.08627813947090912,2017-02-01
PFE,2017-03-31,0.0026380217702062225,2017-03-01
PFE,2017-04-28,-0.008477322588248404,2017-04-01
PFE,2017-05-31,-0.028123917732826076,2017-05-01
PFE,2017-06-30,0.02879013803683006,2017-06-01
PFE,2017-07-31,-0.012801514570132788,2017-07-01
PFE,2017-08-31,0.032911029352396204,2017-08-01
PFE,2017-09-29,0.05247644647357408,2017-09-01
PFE,2017-10-31,-0.01792727973809538,2017-10-01
PFE,2017-11-30,0.04367789624526486,2017-11-01
PFE,2017-12-29,-0.0011036489966910201,2017-12-01
PFE,2018-01-31,0.022639474433782114,2018-01-01
PFE,2018-02-28,-0.01062654164463328,2018-02-01
PFE,2018-03-29,-0.022583411266631992,2018-03-01
PFE,2018-04-30,0.031558395369458925,2018-04-01
PFE,2018-05-31,-0.008993858145690536,2018-05-01
PFE,2018-06-29,0.009741301564890836,2018-06-01
PFE,2018-07-31,0.10060625800024026,2018-07-01
PFE,2018-08-31,0.04867358648337694,2018-08-01
PFE,2018-09-28,0.06141638605845823,2018-09-01
PFE,2018-10-31,-0.022918084260501015,2018-10-01
PFE,2018-11-30,0.08190297711398231,2018-11-01
PFE,2018-12-31,-0.05580779575845429,2018-12-01
PFE,2019-01-31,-0.01899800218044645,2019-01-01
PFE,2019-02-28,0.02120122956425541,2019-02-01
PFE,2019-03-29,-0.020299894324043555,2019-03-01
PFE,2019-04-30,-0.04379571125055515,2019-04-01
PFE,2019-05-31,0.031476553251545525,2019-05-01
PFE,2019-06-28,0.04335249138673403,2019-06-01
PFE,2019-07-31,-0.10341636396572995,2019-07-01
PFE,2019-08-30,-0.07614356642109654,2019-08-01
PFE,2019-09-30,0.010689208660062288,2019-09-01
PFE,2019-10-31,0.06790974671009753,2019-10-01
PFE,2019-11-29,0.013611685722125122,2019-11-01
PFE,2019-12-31,0.01713413024464394,2019-12-01
PFE,2020-01-31,-0.03980608049478618,2020-01-01
PFE,2020-02-28,-0.10257793158584838,2020-02-01
PFE,2020-03-31,-0.023339280738310042,2020-03-01
PFE,2020-04-30,0.17524501203597787,2020-04-01
PFE,2020-05-29,0.0054901418549344605,2020-05-01
PFE,2020-06-30,-0.14375486131171378,2020-06-01
PFE,2020-07-31,0.1882593151439722,2020-07-01
PFE,2020-08-31,-0.0179311235912315,2020-08-01
PFE,2020-09-30,-0.028843701401932487,2020-09-01
PFE,2020-10-30,-0.03324245038877838,2020-10-01
PFE,2020-11-30,0.14977457440181774,2020-11-01
PFE,2020-12-31,-0.039154406581310086,2020-12-01
PFE,2021-01-29,-0.014111394332521177,2021-01-01
PFE,2021-02-26,-0.06713113654987113,2021-02-01
PFE,2021-03-31,0.08181536281313306,2021-03-01
PFE,2021-04-30,0.06679550164668946,2021-04-01
PFE,2021-05-28,0.011943512242506227,2021-05-01
PFE,2021-06-30,0.011102846015176748,2021-06-01
PFE,2021-07-30,0.10310871286905554,2021-07-01
PFE,2021-08-31,0.07615026649702439,2021-08-01
PFE,2021-09-30,-0.06642054318698942,2021-09-01
PFE,2021-10-29,0.016972477647311468,2021-10-01
PFE,2021-11-30,0.23917795414844845,2021-11-01
PFE,2021-12-31,0.099013665126638,2021-12-01
PFE,2022-01-31,-0.10092130217159312,2022-01-01
PFE,2022-02-28,-0.10912876043545228,2022-02-01
PFE,2022-03-31,0.10289744048624772,2022-03-01
PFE,2022-04-29,-0.05215386068476979,2022-04-01
PFE,2022-05-31,0.08971980069197594,2022-05-01
PFE,2022-06-30,-0.011500876762394863,2022-06-01
PFE,2022-07-29,-0.029145086947005572,2022-07-01
PFE,2022-08-31,-0.1045336279791006,2022-08-01
PFE,2022-09-30,-0.03250070548456252,2022-09-01
PFE,2022-10-31,0.0637567074162586,2022-10-01
PFE,2022-11-30,0.08613676920945479,2022-11-01
PFE,2022-12-30,0.02214240974452597,2022-12-01
PFE,2023-01-31,-0.1302610686184028,2023-01-01
PFE,2023-02-28,-0.08129553315457183,2023-02-01
PFE,2023-03-31,0.005669213991994493,2023-03-01
PFE,2023-04-28,-0.046813810991262694,2023-04-01
PFE,2023-05-31,-0.011792123770792529,2023-05-01
PFE,2023-06-30,-0.035244594865194934,2023-06-01
PFE,2023-07-31,-0.005949788164814951,2023-07-01
PFE,2023-08-31,-0.018857608792083425,2023-08-01
PFE,2023-09-29,-0.06246468200021149,2023-09-01
PFE,2023-10-31,-0.07868549456998986,2023-10-01
PFE,2023-11-30,0.010497718157219227,2023-11-01
PFE,2023-12-29,-0.05513627776604235,2023-12-01
PFE,2024-01-31,-0.045241136862473774,2024-01-01
PFE,2024-02-29,-0.019202275672727698,2024-02-01
PFE,2024-03-28,0.044804198730590716,2024-03-01
PFE,2024-04-30,-0.07675670454744343,2024-04-01
PFE,2024-05-31,0.13552759948561977,2024-05-01
PFE,2024-06-28,-0.023726441376966,2024-06-01
PFE,2024-07-31,0.10689802536940096,2024-07-01
PFE,2024-08-30,-0.050098187844905495,2024-08-01
PFE,2024-09-30,-0.0024130099993803222,2024-09-01
PFE,2024-10-31,-0.02211493261768016,2024-10-01
PFE,2024-11-29,-0.05946605857202425,2024-11-01
PFE,2024-12-30,0.008012347191644897,2024-12-01
HD,2000-01-31,-0.13135255245081578,2000-01-01
HD,2000-02-29,0.015452836674454629,2000-02-01
HD,2000-03-31,0.12257229044896878,2000-03-01
HD,2000-04-28,-0.12403078726725791,2000-04-01
HD,2000-05-31,-0.13274278237772852,2000-05-01
HD,2000-06-30,0.02001878402828794,2000-06-01
HD,2000-07-31,0.036295582640920365,2000-07-01
HD,2000-08-31,-0.0705125826939661,2000-08-01
HD,2000-09-29,0.10143038147469596,2000-09-01
HD,2000-10-31,-0.18772109278169313,2000-10-01
HD,2000-11-30,-0.0877213326965175,2000-11-01
HD,2000-12-29,0.1658693905259263,2000-12-01
HD,2001-01-31,0.05499369717962499,2001-01-01
HD,2001-02-28,-0.11825756535179321,2001-02-01
HD,2001-03-30,0.015097139508375435,2001-03-01
HD,2001-04-30,0.09280742459396762,2001-04-01
HD,2001-05-31,0.04649788461212978,2001-05-01
HD,2001-06-29,-0.04083490947478119,2001-06-01
HD,2001-07-31,0.06625739741612335,2001-07-01
HD,2001-08-31,-0.08700439187812203,2001-08-01
HD,2001-09-28,-0.16496260732385093,2001-09-01
HD,2001-10-31,-0.0036485219836489557,2001-10-01
HD,2001-11-30,0.22299835342030483,2001-11-01
HD,2001-12-31,0.09346129810804937,2001-12-01
HD,2002-01-31,-0.018035119510357855,2002-01-01
HD,2002-02-28,-0.001797015459201745,2002-02-01
HD,2002-03-28,-0.026793238192264313,2002-03-01
HD,2002-04-30,-0.04608069885254373,2002-04-01
HD,2002-05-31,-0.10092731775754449,2002-05-01
HD,2002-06-28,-0.1178699253726293,2002-06-01
HD,2002-07-31,-0.15926987139156623,2002-07-01
HD,2002-08-30,0.06638580000568961,2002-08-01
HD,2002-09-30,-0.2062044796792466,2002-09-01
HD,2002-10-31,0.10651364270602448,2002-10-01
HD,2002-11-29,-0.08587295683911267,2002-11-01
HD,2002-12-31,-0.08808407737768731,2002-12-01
HD,2003-01-31,-0.1298920771221812,2003-01-01
HD,2003-02-28,0.12201038382547136,2003-02-01
HD,2003-03-31,0.041656746934987776,2003-03-01
HD,2003-04-30,0.1547618782050879,2003-04-01
HD,2003-05-30,0.15499488774643222,2003-05-01
HD,2003-06-30,0.021273091016282386,2003-06-01
HD,2003-07-31,-0.0579711885504578,2003-07-01
HD,2003-08-29,0.03076948688511605,2003-08-01
HD,2003-09-30,-0.0074787440894472645,2003-09-01
HD,2003-10-31,0.16389289459412093,2003-10-01
HD,2003-11-28,-0.008362797219355955,2003-11-01
HD,2003-12-31,-0.03270675692051139,2003-12-01
HD,2004-01-30,-5.633721220927868e-4,2004-01-01
HD,2004-02-27,0.023681889611153695,2004-02-01
HD,2004-03-31,0.03085646655384977,2004-03-01
HD,2004-04-30,-0.058083617436526014,2004-04-01
HD,2004-05-28,0.020744745212120774,2004-05-01
HD,2004-06-30,-0.017715364047460658,2004-06-01
HD,2004-07-30,-0.04204506135198871,2004-07-01
HD,2004-08-31,0.08675132877106462,2004-08-01
HD,2004-09-30,0.07221030372232318,2004-09-01
HD,2004-10-29,0.04795903949001312,2004-10-01
HD,2004-11-30,0.018321416327736095,2004-11-01
HD,2004-12-31,0.023713445775196407,2004-12-01
HD,2005-01-31,-0.034629027597030904,2005-01-01
HD,2005-02-28,-0.030053038893274042,2005-02-01
HD,2005-03-31,-0.04207566295053533,2005-03-01
HD,2005-04-29,-0.07505286146215673,2005-04-01
HD,2005-05-31,0.11252526952095954,2005-05-01
HD,2005-06-30,-0.008955125138968567,2005-06-01
HD,2005-07-29,0.11850891615129666,2005-07-01
HD,2005-08-31,-0.07102489705807791,2005-08-01
HD,2005-09-30,-0.054067705110437236,2005-09-01
HD,2005-10-31,0.07603581588660302,2005-10-01
HD,2005-11-30,0.020481315185359783,2005-11-01
HD,2005-12-30,-0.031115415034905447,2005-12-01
HD,2006-01-31,0.001729323272451344,2006-01-01
HD,2006-02-28,0.03945744164970044,2006-02-01
HD,2006-03-31,0.007172580310259802,2006-03-01
HD,2006-04-28,-0.0560278936425036,2006-04-01
HD,2006-05-31,-0.045329597947409206,2006-05-01
HD,2006-06-30,-0.05734804484494582,2006-06-01
HD,2006-07-31,-0.03017604520070083,2006-07-01
HD,2006-08-31,-0.012100052463886568,2006-08-01
HD,2006-09-29,0.06234285612758428,2006-09-01
HD,2006-10-31,0.029225607434064882,2006-10-01
HD,2006-11-30,0.02326975075331439,2006-11-01
HD,2006-12-29,0.05767631239289184,2006-12-01
HD,2007-01-31,0.014441866611200505,2007-01-01
HD,2007-02-28,-0.028227592768909626,2007-02-01
HD,2007-03-30,-0.06655654539771239,2007-03-01
HD,2007-04-30,0.030756481283657378,2007-04-01
HD,2007-05-31,0.02640648296175474,2007-05-01
HD,2007-06-29,0.018104335562721507,2007-06-01
HD,2007-07-31,-0.055400259974478394,2007-07-01
HD,2007-08-31,0.03729104801924232,2007-08-01
HD,2007-09-28,-0.15322363603412936,2007-09-01
HD,2007-10-31,-0.028668641838888842,2007-10-01
HD,2007-11-30,-0.08614150680939858,2007-11-01
HD,2007-12-31,-0.056721852022553754,2007-12-01
HD,2008-01-31,0.13734172265796918,2008-01-01
HD,2008-02-29,-0.13348579024985052,2008-02-01
HD,2008-03-31,0.06305131018214283,2008-03-01
HD,2008-04-30,0.02967483183023356,2008-04-01
HD,2008-05-30,-0.05000019578039283,2008-05-01
HD,2008-06-30,-0.1368550900628982,2008-06-01
HD,2008-07-31,0.017506286330674303,2008-07-01
HD,2008-08-29,0.1380615016138056,2008-08-01
HD,2008-09-30,-0.03736725245032535,2008-09-01
HD,2008-10-31,-0.08883811371850037,2008-10-01
HD,2008-11-28,-0.020347928535741078,2008-11-01
HD,2008-12-31,0.0067867258055895885,2008-12-01
HD,2009-01-30,-0.06472620740832358,2009-01-01
HD,2009-02-27,-0.029726282324127662,2009-02-01
HD,2009-03-31,0.1419052915110408,2009-03-01
HD,2009-04-30,0.11714817150745027,2009-04-01
HD,2009-05-29,-0.1200606808460819,2009-05-01
HD,2009-06-30,0.029727683100998492,2009-06-01
HD,2009-07-31,0.09775666701936792,2009-07-01
HD,2009-08-31,0.05204337104224033,2009-08-01
HD,2009-09-30,-0.015703271155010023,2009-09-01
HD,2009-10-30,-0.05818320666606813,2009-10-01
HD,2009-11-30,0.09047447786441087,2009-11-01
HD,2009-12-31,0.06615088090606935,2009-12-01
HD,2010-01-29,-0.031800735206616304,2010-01-01
HD,2010-02-26,0.11388750283326088,2010-02-01
HD,2010-03-31,0.044572469216747956,2010-03-01
HD,2010-04-30,0.08902639972054804,2010-04-01
HD,2010-05-28,-0.03888766186938686,2010-05-01
HD,2010-06-30,-0.16517942509356232,2010-06-01
HD,2010-07-30,0.015675273672222545,2010-07-01
HD,2010-08-31,-0.015904923005466864,2010-08-01
HD,2010-09-30,0.13874940288937854,2010-09-01
HD,2010-10-29,-0.0246215694118066,2010-10-01
HD,2010-11-30,-0.014753633712333847,2010-11-01
HD,2010-12-31,0.16054310720027076,2010-12-01
HD,2011-01-31,0.048773164872398356,2011-01-01
HD,2011-02-28,0.01903753360956628,2011-02-01
HD,2011-03-31,-0.004190000170685604,2011-03-01
HD,2011-04-29,0.0024284435382053715,2011-04-01
HD,2011-05-31,-0.02341855350606936,2011-05-01
HD,2011-06-30,0.00585016814600392,2011-06-01
HD,2011-07-29,-0.03561551922880857,2011-07-01
HD,2011-08-31,-0.03729331284238191,2011-08-01
HD,2011-09-30,-0.015279000890380923,2011-09-01
HD,2011-10-31,0.0891388986973971,2011-10-01
HD,2011-11-30,0.10411497507224654,2011-11-01
HD,2011-12-30,0.07190247752173673,2011-12-01
HD,2012-01-31,0.05589912577005962,2012-01-01
HD,2012-02-29,0.07163793784740213,2012-02-01
HD,2012-03-30,0.06411088715191804,2012-03-01
HD,2012-04-30,0.029417365854901956,2012-04-01
HD,2012-05-31,-0.041685083819195334,2012-05-01
HD,2012-06-29,0.07397622619545707,2012-06-01
HD,2012-07-31,-0.015285812759169515,2012-07-01
HD,2012-08-31,0.09317563257343697,2012-08-01
HD,2012-09-28,0.06378853342268664,2012-09-01
HD,2012-10-31,0.016730165177836653,2012-10-01
HD,2012-11-30,0.06489250079172049,2012-11-01
HD,2012-12-31,-0.049485494522625406,2012-12-01
HD,2013-01-31,0.08197310776569466,2013-01-01
HD,2013-02-28,0.023610000260235964,2013-02-01
HD,2013-03-28,0.02428751268286944,2013-03-01
HD,2013-04-30,0.05116108275040121,2013-04-01
HD,2013-05-31,0.07239207154394856,2013-05-01
HD,2013-06-28,-0.010246856109232039,2013-06-01
HD,2013-07-31,0.020136413185313007,2013-07-01
HD,2013-08-30,-0.05744647713206663,2013-08-01
HD,2013-09-30,0.023616796589617017,2013-09-01
HD,2013-10-31,0.026895515661383707,2013-10-01
HD,2013-11-29,0.035691519830277185,2013-11-01
HD,2013-12-31,0.02571599010484893,2013-12-01
HD,2014-01-31,-0.0666748458961186,2014-01-01
HD,2014-02-28,0.06740449835033124,2014-02-01
HD,2014-03-31,-0.02980461864176487,2014-03-01
HD,2014-04-30,0.0048022347868030835,2014-04-01
HD,2014-05-30,0.009055314997589159,2014-05-01
HD,2014-06-30,0.015000209829325373,2014-06-01
HD,2014-07-31,-0.0013589321564732026,2014-07-01
HD,2014-08-29,0.15646326407048194,2014-08-01
HD,2014-09-30,-0.013866935139348335,2014-09-01
HD,2014-10-31,0.06300444874712863,2014-10-01
HD,2014-11-28,0.019277724952535324,2014-11-01
HD,2014-12-31,0.06107998198721054,2014-12-01
HD,2015-01-30,-0.005239843729422988,2015-01-01
HD,2015-02-27,0.09892803497946367,2015-02-01
HD,2015-03-31,-0.004840213340818189,2015-03-01
HD,2015-04-30,-0.058357637086688174,2015-04-01
HD,2015-05-29,0.04150285012167898,2015-05-01
HD,2015-06-30,0.0026949218863678848,2015-06-01
HD,2015-07-31,0.05309106874027658,2015-07-01
HD,2015-08-31,-0.004870312849702518,2015-08-01
HD,2015-09-30,-0.003279685959565848,2015-09-01
HD,2015-10-30,0.07056874595034679,2015-10-01
HD,2015-11-30,0.08282118399087168,2015-11-01
HD,2015-12-31,-0.007802698622815685,2015-12-01
HD,2016-01-29,-0.049073765693434024,2016-01-01
HD,2016-02-29,-0.01304054863428572,2016-02-01
HD,2016-03-31,0.08091915225133683,2016-03-01
HD,2016-04-29,0.003447560468700761,2016-04-01
HD,2016-05-31,-0.008109881771178218,2016-05-01
HD,2016-06-30,-0.033530229531822386,2016-06-01
HD,2016-07-29,0.08262234209863162,2016-07-01
HD,2016-08-31,-0.02482816925498288,2016-08-01
HD,2016-09-30,-0.04056068403667357,2016-09-01
HD,2016-10-31,-0.0518336686440275,2016-10-01
HD,2016-11-30,0.0661997363032758,2016-11-01
HD,2016-12-30,0.0361669728526719,2016-12-01
HD,2017-01-31,0.026103834864172004,2017-01-01
HD,2017-02-28,0.05327828778254173,2017-02-01
HD,2017-03-31,0.019416143553744103,2017-03-01
HD,2017-04-28,0.06313407885729716,2017-04-01
HD,2017-05-31,-0.010908825842740333,2017-05-01
HD,2017-06-30,-7.170200993826814e-4,2017-06-01
HD,2017-07-31,-0.02477110334731758,2017-07-01
HD,2017-08-31,0.007728744800174825,2017-08-01
HD,2017-09-29,0.0913457991654314,2017-09-01
HD,2017-10-31,0.01357303385428188,2017-10-01
HD,2017-11-30,0.0901855640375806,2017-11-01
HD,2017-12-29,0.05399833318328828,2017-12-01
HD,2018-01-31,0.059990559416981615,2018-01-01
HD,2018-02-28,-0.09273257126280543,2018-02-01
HD,2018-03-29,-0.016533558987225083,2018-03-01
HD,2018-04-30,0.036804370712449463,2018-04-01
HD,2018-05-31,0.015121606728402348,2018-05-01
HD,2018-06-29,0.04583213613704906,2018-06-01
HD,2018-07-31,0.012403972157587484,2018-07-01
HD,2018-08-31,0.02166424001371725,2018-08-01
HD,2018-09-28,0.03177759146484305,2018-09-01
HD,2018-10-31,-0.1509531005508178,2018-10-01
HD,2018-11-30,0.03137678726691795,2018-11-01
HD,2018-12-31,-0.04713831784625666,2018-12-01
HD,2019-01-31,0.06815266362173933,2019-01-01
HD,2019-02-28,0.008772482045235064,2019-02-01
HD,2019-03-29,0.044176737753830686,2019-03-01
HD,2019-04-30,0.06154587770128628,2019-04-01
HD,2019-05-31,-0.06799230055897998,2019-05-01
HD,2019-06-28,0.10312768397810768,2019-06-01
HD,2019-07-31,0.027504000401575857,2019-07-01
HD,2019-08-30,0.0665448920644689,2019-08-01
HD,2019-09-30,0.02425018171940785,2019-09-01
HD,2019-10-31,0.01103359082418054,2019-10-01
HD,2019-11-29,-0.05997960656413137,2019-11-01
HD,2019-12-31,-0.003325277215434519,2019-12-01
HD,2020-01-31,0.044509550819661126,2020-01-01
HD,2020-02-28,-0.044980507419507876,2020-02-01
HD,2020-03-31,-0.13716867063640636,2020-03-01
HD,2020-04-30,0.17738724164087838,2020-04-01
HD,2020-05-29,0.13032814083932087,2020-05-01
HD,2020-06-30,0.014189660974325058,2020-06-01
HD,2020-07-31,0.059797806407699605,2020-07-01
HD,2020-08-31,0.07363761778922906,2020-08-01
HD,2020-09-30,-0.02057777061767152,2020-09-01
HD,2020-10-30,-0.039609466657366976,2020-10-01
HD,2020-11-30,0.04011813724725477,2020-11-01
HD,2020-12-31,-0.03727940624583548,2020-12-01
HD,2021-01-29,0.019577079604785608,2021-01-01
HD,2021-02-26,-0.046082446810239985,2021-02-01
HD,2021-03-31,0.18898677366123695,2021-03-01
HD,2021-04-30,0.06034416830388434,2021-04-01
HD,2021-05-28,-0.014706577264056553,2021-05-01
HD,2021-06-30,0.005180918399218193,2021-06-01
HD,2021-07-30,0.02916332663908472,2021-07-01
HD,2021-08-31,-0.006124408776544077,2021-08-01
HD,2021-09-30,0.011493746161332696,2021-09-01
HD,2021-10-29,0.13245579831081455,2021-10-01
HD,2021-11-30,0.07766161125481275,2021-11-01
HD,2021-12-31,0.04022983287750859,2021-12-01
HD,2022-01-31,-0.11573217919635737,2022-01-01
HD,2022-02-28,-0.1393810020379327,2022-02-01
HD,2022-03-31,-0.04652354407549408,2022-03-01
HD,2022-04-29,0.003574359239313596,2022-04-01
HD,2022-05-31,0.007823117836589955,2022-05-01
HD,2022-06-30,-0.08834966180763504,2022-06-01
HD,2022-07-29,0.09723978344665207,2022-07-01
HD,2022-08-31,-0.03534952365348043,2022-08-01
HD,2022-09-30,-0.04327021157367117,2022-09-01
HD,2022-10-31,0.07316785000496884,2022-10-01
HD,2022-11-30,0.10069912817334603,2022-11-01
HD,2022-12-30,-0.025093125613843803,2022-12-01
HD,2023-01-31,0.026308979409590316,2023-01-01
HD,2023-02-28,-0.08523289131364986,2023-02-01
HD,2023-03-31,0.0024182548166507,2023-03-01
HD,2023-04-28,0.018365417815236373,2023-04-01
HD,2023-05-31,-0.05007436903046791,2023-05-01
HD,2023-06-30,0.09592501170536494,2023-06-01
HD,2023-07-31,0.07468461049567066,2023-07-01
HD,2023-08-31,-0.004285823298567748,2023-08-01
HD,2023-09-29,-0.08519530076707305,2023-09-01
HD,2023-10-31,-0.05781673202471793,2023-10-01
HD,2023-11-30,0.10855639960923513,2023-11-01
HD,2023-12-29,0.10545797861424444,2023-12-01
HD,2024-01-31,0.01849646739787647,2024-01-01
HD,2024-02-29,0.07833756036530026,2024-02-01
HD,2024-03-28,0.013883788592327528,2024-03-01
HD,2024-04-30,-0.1287277472900873,2024-04-01
HD,2024-05-31,0.00890986881562461,2024-05-01
HD,2024-06-28,0.027980987927073153,2024-06-01
HD,2024-07-31,0.0694864839742777,2024-07-01
HD,2024-08-30,0.007003039039769732,2024-08-01
HD,2024-09-30,0.09959287876533085,2024-09-01
HD,2024-10-31,-0.028257605314802925,2024-10-01
HD,2024-11-29,0.09559326503331445,2024-11-01
HD,2024-12-30,-0.09251295338330989,2024-12-01
CVX,2000-01-31,0,2000-01-01
CVX,2000-02-29,-0.09932165929304904,2000-02-01
CVX,2000-03-31,0.2376568007824056,2000-03-01
CVX,2000-04-28,-0.07910755012852733,2000-04-01
CVX,2000-05-31,0.09355153661866589,2000-05-01
CVX,2000-06-30,-0.0824884550289603,2000-06-01
CVX,2000-07-31,-0.06871748379083198,2000-07-01
CVX,2000-08-31,0.07842448550291126,2000-08-01
CVX,2000-09-29,0.008689524855837627,2000-09-01
CVX,2000-10-31,-0.036657240333155316,2000-10-01
CVX,2000-11-30,0.004706924109656674,2000-11-01
CVX,2000-12-29,0.03129764537129209,2000-12-01
CVX,2001-01-31,-0.013708309746020664,2001-01-01
CVX,2001-02-28,0.03641218182983286,2001-02-01
CVX,2001-03-30,0.02498195282550375,2001-03-01
CVX,2001-04-30,0.09977275451206058,2001-04-01
CVX,2001-05-31,0.0015417715430465773,2001-05-01
CVX,2001-06-29,-0.05778199052132704,2001-06-01
CVX,2001-07-31,0.009834439819590424,2001-07-01
CVX,2001-08-31,4.3519573711181536e-5,2001-08-01
CVX,2001-09-28,-0.06611544992097707,2001-09-01
CVX,2001-10-31,0.044838226086292954,2001-10-01
CVX,2001-11-30,-0.03246695398053434,2001-11-01
CVX,2001-12-31,0.054112007957234365,2001-12-01
CVX,2002-01-31,-0.0648366402002295,2002-01-01
CVX,2002-02-28,0.01627130640613572,2002-02-01
CVX,2002-03-28,0.06904262826722873,2002-03-01
CVX,2002-04-30,-0.03943676352306569,2002-04-01
CVX,2002-05-31,0.014123991951511705,2002-05-01
CVX,2002-06-28,0.014326251740759632,2002-06-01
CVX,2002-07-31,-0.1525419469398449,2002-07-01
CVX,2002-08-30,0.031058231274036174,2002-08-01
CVX,2002-09-30,-0.0963067825822772,2002-09-01
CVX,2002-10-31,-0.023393617589204663,2002-10-01
CVX,2002-11-29,0.0016719484033231868,2002-11-01
CVX,2002-12-31,-0.00820522838081561,2002-12-01
CVX,2003-01-31,-0.031287930594921076,2003-01-01
CVX,2003-02-28,0.007356591934860601,2003-02-01
CVX,2003-03-31,0.00747976279144047,2003-03-01
CVX,2003-04-30,-0.02846060571618736,2003-04-01
CVX,2003-05-30,0.1412162658693188,2003-05-01
CVX,2003-06-30,0.017762109695373507,2003-06-01
CVX,2003-07-31,-0.0012468209499493232,2003-07-01
CVX,2003-08-29,0.02057454394876923,2003-08-01
CVX,2003-09-30,-0.019486276561845317,2003-09-01
CVX,2003-10-31,0.0398874279914776,2003-10-01
CVX,2003-11-28,0.020603115980538655,2003-11-01
CVX,2003-12-31,0.15033295434531158,2003-12-01
CVX,2004-01-30,-4.631817899933832e-4,2004-01-01
CVX,2004-02-27,0.03177737868403541,2004-02-01
CVX,2004-03-31,-0.006451565305764406,2004-03-01
CVX,2004-04-30,0.042378621603095024,2004-04-01
CVX,2004-05-28,-0.004179517650679809,2004-05-01
CVX,2004-06-30,0.0410403415502798,2004-06-01
CVX,2004-07-30,0.016364083225875792,2004-07-01
CVX,2004-08-31,0.02784795917838112,2004-08-01
CVX,2004-09-30,0.10030769225224279,2004-09-01
CVX,2004-10-29,-0.010812584086889121,2004-10-01
CVX,2004-11-30,0.036853239151205086,2004-11-01
CVX,2004-12-31,-0.038278561010094525,2004-12-01
CVX,2005-01-31,0.035993256640039384,2005-01-01
CVX,2005-02-28,0.14907937397334026,2005-02-01
CVX,2005-03-31,-0.06072799868776291,2005-03-01
CVX,2005-04-29,-0.10821436518778704,2005-04-01
CVX,2005-05-31,0.043527003805536424,2005-05-01
CVX,2005-06-30,0.03979208592815686,2005-06-01
CVX,2005-07-29,0.0373745633788487,2005-07-01
CVX,2005-08-31,0.06631232750985983,2005-08-01
CVX,2005-09-30,0.05423473113839972,2005-09-01
CVX,2005-10-31,-0.11833793516308977,2005-10-01
CVX,2005-11-30,0.012240498038379899,2005-11-01
CVX,2005-12-30,-0.009422154456858789,2005-12-01
CVX,2006-01-31,0.04597499759217216,2006-01-01
CVX,2006-02-28,-0.041217570352769295,2006-02-01
CVX,2006-03-31,0.026380152182709393,2006-03-01
CVX,2006-04-28,0.052614079799728763,2006-04-01
CVX,2006-05-31,-0.011735774299646229,2006-05-01
CVX,2006-06-30,0.03796615909526624,2006-06-01
CVX,2006-07-31,0.05994198847002097,2006-07-01
CVX,2006-08-31,-0.013305263636748443,2006-08-01
CVX,2006-09-29,0.007143449915487876,2006-09-01
CVX,2006-10-31,0.0360778423982695,2006-10-01
CVX,2006-11-30,0.08419997395629109,2006-11-01
CVX,2006-12-29,0.016731815398631333,2006-12-01
CVX,2007-01-31,-0.008840089889481928,2007-01-01
CVX,2007-02-28,-0.05306327119843335,2007-02-01
CVX,2007-03-30,0.07939299959477641,2007-03-01
CVX,2007-04-30,0.05178495048129572,2007-04-01
CVX,2007-05-31,0.055144049003650775,2007-05-01
CVX,2007-06-29,0.03374651507569859,2007-06-01
CVX,2007-07-31,0.01210834534926808,2007-07-01
CVX,2007-08-31,0.03661405614636726,2007-08-01
CVX,2007-09-28,0.06631773679567843,2007-09-01
CVX,2007-10-31,-0.02212018264370985,2007-10-01
CVX,2007-11-30,-0.03442031602926232,2007-11-01
CVX,2007-12-31,0.0633476194017264,2007-12-01
CVX,2008-01-31,-0.10800412908578305,2008-01-01
CVX,2008-02-29,0.04845702604935287,2008-02-01
CVX,2008-03-31,-0.015000812510954309,2008-03-01
CVX,2008-04-30,0.126406157955552,2008-04-01
CVX,2008-05-30,0.038105894656347505,2008-05-01
CVX,2008-06-30,-2.014961544716254e-4,2008-06-01
CVX,2008-07-31,-0.14697905894447472,2008-07-01
CVX,2008-08-29,0.02853576177027639,2008-08-01
CVX,2008-09-30,-0.0444856343451806,2008-09-01
CVX,2008-10-31,-0.0955383761316484,2008-10-01
CVX,2008-11-28,0.06828722971613854,2008-11-01
CVX,2008-12-31,-0.06378930318652742,2008-12-01
CVX,2009-01-30,-0.04664077311010362,2009-01-01
CVX,2009-02-27,-0.1311845305477103,2009-02-01
CVX,2009-03-31,0.10756090319595613,2009-03-01
CVX,2009-04-30,-0.01695481304197477,2009-04-01
CVX,2009-05-29,0.01837932110137208,2009-05-01
CVX,2009-06-30,-0.006299707868472226,2009-06-01
CVX,2009-07-31,0.04860414172036376,2009-07-01
CVX,2009-08-31,0.01684073542952036,2009-08-01
CVX,2009-09-30,0.007006111675625926,2009-09-01
CVX,2009-10-30,0.08675215464946806,2009-10-01
CVX,2009-11-30,0.028571815198372486,2009-11-01
CVX,2009-12-31,-0.013454731268595976,2009-12-01
CVX,2010-01-29,-0.06325470459649696,2010-01-01
CVX,2010-02-26,0.012090256862252291,2010-02-01
CVX,2010-03-31,0.04882439591004184,2010-03-01
CVX,2010-04-30,0.07398136243351527,2010-04-01
CVX,2010-05-28,-0.08448267686980893,2010-05-01
CVX,2010-06-30,-0.08135893519390669,2010-06-01
CVX,2010-07-30,0.12304720638928157,2010-07-01
CVX,2010-08-31,-0.01885851595923238,2010-08-01
CVX,2010-09-30,0.09408754732943225,2010-09-01
CVX,2010-10-29,0.019123729129857825,2010-10-01
CVX,2010-11-30,-0.01134520134290784,2010-11-01
CVX,2010-12-31,0.12696051897201555,2010-12-01
CVX,2011-01-31,0.04032901051617577,2011-01-01
CVX,2011-02-28,0.10113050211555974,2011-02-01
CVX,2011-03-31,0.03604820955559629,2011-03-01
CVX,2011-04-29,0.018141415811099515,2011-04-01
CVX,2011-05-31,-0.03398041012216968,2011-05-01
CVX,2011-06-30,-0.019730736019814343,2011-06-01
CVX,2011-07-29,0.011473774142217952,2011-07-01
CVX,2011-08-31,-0.04218517345946049,2011-08-01
CVX,2011-09-30,-0.06323372325329746,2011-09-01
CVX,2011-10-31,0.13457225059162248,2011-10-01
CVX,2011-11-30,-0.013490683615981602,2011-11-01
CVX,2011-12-30,0.034818126466880095,2011-12-01
CVX,2012-01-31,-0.030827117538718474,2012-01-01
CVX,2012-02-29,0.06629484129378782,2012-02-01
CVX,2012-03-30,-0.017503409512844348,2012-03-01
CVX,2012-04-30,-0.006063097741136114,2012-04-01
CVX,2012-05-31,-0.06911787178603901,2012-05-01
CVX,2012-06-29,0.07313600443624124,2012-06-01
CVX,2012-07-31,0.03867361415265824,2012-07-01
CVX,2012-08-31,0.031738211226454816,2012-08-01
CVX,2012-09-28,0.03922967513298592,2012-09-01
CVX,2012-10-31,-0.05422103281816204,2012-10-01
CVX,2012-11-30,-0.033007153956214674,2012-11-01
CVX,2012-12-31,0.02318086381349116,2012-12-01
CVX,2013-01-31,0.06482356056939187,2013-01-01
CVX,2013-02-28,0.02528912049006027,2013-02-01
CVX,2013-03-28,0.014255391077821367,2013-03-01
CVX,2013-04-30,0.026847242771170343,2013-04-01
CVX,2013-05-31,0.014178559992017892,2013-05-01
CVX,2013-06-28,-0.03592683566178967,2013-06-01
CVX,2013-07-31,0.06379949972278309,2013-07-01
CVX,2013-08-30,-0.03546839750488684,2013-08-01
CVX,2013-09-30,0.008884497282338977,2013-09-01
CVX,2013-10-31,-0.012674608379256602,2013-10-01
CVX,2013-11-29,0.02924384430871574,2013-11-01
CVX,2013-12-31,0.020173485722795093,2013-12-01
CVX,2014-01-31,-0.10631666661105899,2014-01-01
CVX,2014-02-28,0.042321932994249245,2014-02-01
CVX,2014-03-31,0.03104169998944495,2014-03-01
CVX,2014-04-30,0.05558846161194908,2014-04-01
CVX,2014-05-30,-0.013399248168552425,2014-05-01
CVX,2014-06-30,0.06319705198563685,2014-06-01
CVX,2014-07-31,-0.010034385258233525,2014-07-01
CVX,2014-08-29,0.0101383726232247,2014-08-01
CVX,2014-09-30,-0.07825400815651662,2014-09-01
CVX,2014-10-31,0.0052797994831355055,2014-10-01
CVX,2014-11-28,-0.0839547088485686,2014-11-01
CVX,2014-12-31,0.03040292278708967,2014-12-01
CVX,2015-01-30,-0.0860223123670859,2015-01-01
CVX,2015-02-27,0.050698160081591226,2015-02-01
CVX,2015-03-31,-0.01593557459002215,2015-03-01
CVX,2015-04-30,0.057916053145803614,2015-04-01
CVX,2015-05-29,-0.06333209208054935,2015-05-01
CVX,2015-06-30,-0.06339785152187605,2015-06-01
CVX,2015-07-31,-0.08282406619233051,2015-07-01
CVX,2015-08-31,-0.07311837202297355,2015-08-01
CVX,2015-09-30,-0.026052211319388507,2015-09-01
CVX,2015-10-30,0.15212965117692612,2015-10-01
CVX,2015-11-30,0.017113836644584435,2015-11-01
CVX,2015-12-31,-0.014892398088212966,2015-12-01
CVX,2016-01-29,-0.038795250790283564,2016-01-01
CVX,2016-02-29,-0.022801376116731498,2016-02-01
CVX,2016-03-31,0.14333609214659337,2016-03-01
CVX,2016-04-29,0.07106893245343127,2016-04-01
CVX,2016-05-31,-0.0010993146373116103,2016-05-01
CVX,2016-06-30,0.03792072569439475,2016-06-01
CVX,2016-07-29,-0.022417126892164796,2016-07-01
CVX,2016-08-31,-0.008198964599697156,2016-08-01
CVX,2016-09-30,0.023265192453902017,2016-09-01
CVX,2016-10-31,0.017780681681142996,2016-10-01
CVX,2016-11-30,0.07567409520429469,2016-11-01
CVX,2016-12-30,0.055037757670589826,2016-12-01
CVX,2017-01-31,-0.053950518661277425,2017-01-01
CVX,2017-02-28,0.019998014151241028,2017-02-01
CVX,2017-03-31,-0.04559987726327519,2017-03-01
CVX,2017-04-28,-0.006239864072322465,2017-04-01
CVX,2017-05-31,-0.02031297075459937,2017-05-01
CVX,2017-06-30,0.008214035493608218,2017-06-01
CVX,2017-07-31,0.04658331644767255,2017-07-01
CVX,2017-08-31,-0.004475966578870394,2017-08-01
CVX,2017-09-29,0.0918049034381414,2017-09-01
CVX,2017-10-31,-0.01370232937601179,2017-10-01
CVX,2017-11-30,0.036361240275077256,2017-11-01
CVX,2017-12-29,0.05210487982248835,2017-12-01
CVX,2018-01-31,0.0012781807398529743,2018-01-01
CVX,2018-02-28,-0.09825177460734802,2018-02-01
CVX,2018-03-29,0.0189421697264347,2018-03-01
CVX,2018-04-30,0.09707100955069414,2018-04-01
CVX,2018-05-31,0.002189403619603514,2018-05-01
CVX,2018-06-29,0.017136260232181177,2018-06-01
CVX,2018-07-31,-0.0012659854201410026,2018-07-01
CVX,2018-08-31,-0.052857072125889304,2018-08-01
CVX,2018-09-28,0.03224711683030712,2018-09-01
CVX,2018-10-31,-0.08693139798395821,2018-10-01
CVX,2018-11-30,0.07570440977738424,2018-11-01
CVX,2018-12-31,-0.08533718339402185,2018-12-01
CVX,2019-01-31,0.05386531382406612,2019-01-01
CVX,2019-02-28,0.05348511794737654,2019-02-01
CVX,2019-03-29,0.030105393956669113,2019-03-01
CVX,2019-04-30,-0.025328904846042444,2019-04-01
CVX,2019-05-31,-0.042394486291144284,2019-05-01
CVX,2019-06-28,0.09301718351043542,2019-06-01
CVX,2019-07-31,-0.010687626996078836,2019-07-01
CVX,2019-08-30,-0.03395218097184716,2019-08-01
CVX,2019-09-30,0.007475281386879917,2019-09-01
CVX,2019-10-31,-0.02074195718246652,2019-10-01
CVX,2019-11-29,0.01846148608889786,2019-11-01
CVX,2019-12-31,0.028856744755490826,2019-12-01
CVX,2020-01-31,-0.11094490247496369,2020-01-01
CVX,2020-02-28,-0.11862100909057949,2020-02-01
CVX,2020-03-31,-0.22369833129833128,2020-03-01
CVX,2020-04-30,0.2696660167676328,2020-04-01
CVX,2020-05-29,0.011372270322577593,2020-05-01
CVX,2020-06-30,-0.026936053696816842,2020-06-01
CVX,2020-07-31,-0.05928489780865742,2020-07-01
CVX,2020-08-31,0.014295803914170957,2020-08-01
CVX,2020-09-30,-0.14214217817853225,2020-09-01
CVX,2020-10-30,-0.03472234277974218,2020-10-01
CVX,2020-11-30,0.27284587942340033,2020-11-01
CVX,2020-12-31,-0.0313144487462349,2020-12-01
CVX,2021-01-29,0.00888111972444472,2021-01-01
CVX,2021-02-26,0.19029950782725757,2021-02-01
CVX,2021-03-31,0.04790036996963298,2021-03-01
CVX,2021-04-30,-0.016413825658354697,2021-04-01
CVX,2021-05-28,0.019311818246688706,2021-05-01
CVX,2021-06-30,0.009153073305152137,2021-06-01
CVX,2021-07-30,-0.027973962101434546,2021-07-01
CVX,2021-08-31,-0.0366894478267753,2021-08-01
CVX,2021-09-30,0.04836223025973463,2021-09-01
CVX,2021-10-29,0.12853622737718728,2021-10-01
CVX,2021-11-30,-0.0027556338792568136,2021-11-01
CVX,2021-12-31,0.039691861183860144,2021-12-01
CVX,2022-01-31,0.11913075377778704,2022-01-01
CVX,2022-02-28,0.10798664598707663,2022-02-01
CVX,2022-03-31,0.1307636332497646,2022-03-01
CVX,2022-04-29,-0.03783083779006069,2022-04-01
CVX,2022-05-31,0.12399858887305437,2022-05-01
CVX,2022-06-30,-0.1710750973001658,2022-06-01
CVX,2022-07-29,0.13123346657337742,2022-07-01
CVX,2022-08-31,-0.02615590677739088,2022-08-01
CVX,2022-09-30,-0.09104145218307058,2022-09-01
CVX,2022-10-31,0.25913574930805927,2022-10-01
CVX,2022-11-30,0.021160510832741952,2022-11-01
CVX,2022-12-30,-0.020838976836684342,2022-12-01
CVX,2023-01-31,-0.030475084448157386,2023-01-01
CVX,2023-02-28,-0.0679735756863925,2023-02-01
CVX,2023-03-31,0.014866155566010786,2023-03-01
CVX,2023-04-28,0.0332185611995246,2023-04-01
CVX,2023-05-31,-0.09778771652910678,2023-05-01
CVX,2023-06-30,0.04468208213129499,2023-06-01
CVX,2023-07-31,0.040101607298623776,2023-07-01
CVX,2023-08-31,-0.006182018182268267,2023-08-01
CVX,2023-09-29,0.04667894418496732,2023-09-01
CVX,2023-10-31,-0.13574886978188438,2023-10-01
CVX,2023-11-30,-0.0042867537782926846,2023-11-01
CVX,2023-12-29,0.03871850958591083,2023-12-01
CVX,2024-01-31,-0.011598384503351822,2024-01-01
CVX,2024-02-29,0.04231651179068585,2024-02-01
CVX,2024-03-28,0.037694937126830474,2024-03-01
CVX,2024-04-30,0.022378562751184772,2024-04-01
CVX,2024-05-31,0.016549191693429943,2024-05-01
CVX,2024-06-28,-0.0362293495610122,2024-06-01
CVX,2024-07-31,0.02589201167180688,2024-07-01
CVX,2024-08-30,-0.06770213018473525,2024-08-01
CVX,2024-09-30,-0.004595951197056247,2024-09-01
CVX,2024-10-31,0.010524827386594104,2024-10-01
CVX,2024-11-29,0.09919241995499206,2024-11-01
CVX,2024-12-30,-0.11647004820621065,2024-12-01
BA,2000-01-31,0.1073088817433947,2000-01-01
BA,2000-02-29,-0.167099336443155,2000-02-01
BA,2000-03-31,0.023688786309659093,2000-03-01
BA,2000-04-28,0.04958660565243034,2000-04-01
BA,2000-05-31,-0.012138543122543366,2000-05-01
BA,2000-06-30,0.07040036438483721,2000-06-01
BA,2000-07-31,0.16741408207967834,2000-07-01
BA,2000-08-31,0.1020884472368977,2000-08-01
BA,2000-09-29,0.20244710418114953,2000-09-01
BA,2000-10-31,0.0513567507145305,2000-10-01
BA,2000-11-30,0.020625407051451328,2000-11-01
BA,2000-12-29,-0.044344070891266574,2000-12-01
BA,2001-01-31,-0.11363665717795479,2001-01-01
BA,2001-02-28,0.06644390580127735,2001-02-01
BA,2001-03-30,-0.1043408590788163,2001-03-01
BA,2001-04-30,0.10931620775474316,2001-04-01
BA,2001-05-31,0.020321051457133033,2001-05-01
BA,2001-06-29,-0.1159162442673054,2001-06-01
BA,2001-07-31,0.052697518582385916,2001-07-01
BA,2001-08-31,-0.12256603924809761,2001-08-01
BA,2001-09-28,-0.34570292605726993,2001-09-01
BA,2001-10-31,-0.026865945256125845,2001-10-01
BA,2001-11-30,0.08216068368177165,2001-11-01
BA,2001-12-31,0.10484341483215287,2001-12-01
BA,2002-01-31,0.055956845832435764,2002-01-01
BA,2002-02-28,0.12702814619887204,2002-02-01
BA,2002-03-28,0.049825978927802606,2002-03-01
BA,2002-04-30,-0.07564704878337525,2002-04-01
BA,2002-05-31,-0.04013476430936924,2002-05-01
BA,2002-06-28,0.05510002726159002,2002-06-01
BA,2002-07-31,-0.07733340223445317,2002-07-01
BA,2002-08-30,-0.1030816059273355,2002-08-01
BA,2002-09-30,-0.07930969912103736,2002-09-01
BA,2002-10-31,-0.1283328093862871,2002-10-01
BA,2002-11-29,0.15071693499036187,2002-11-01
BA,2002-12-31,-0.03113064976203983,2002-12-01
BA,2003-01-31,-0.04243733002137673,2003-01-01
BA,2003-02-28,-0.122798531995025,2003-02-01
BA,2003-03-31,-0.09071069341080906,2003-03-01
BA,2003-04-30,0.08858653111866732,2003-04-01
BA,2003-05-30,0.1307724861352264,2003-05-01
BA,2003-06-30,0.1190085299017114,2003-06-01
BA,2003-07-31,-0.03496488166458289,2003-07-01
BA,2003-08-29,0.1348415449708409,2003-08-01
BA,2003-09-30,-0.0818402425685405,2003-09-01
BA,2003-10-31,0.12117727151158553,2003-10-01
BA,2003-11-28,0.0018462657231852475,2003-11-01
BA,2003-12-31,0.09768127952912287,2003-12-01
BA,2004-01-30,-0.009254650693186761,2004-01-01
BA,2004-02-27,0.04285263225428326,2004-02-01
BA,2004-03-31,-0.053032016915807056,2004-03-01
BA,2004-04-30,0.03944468772115761,2004-04-01
BA,2004-05-28,0.07786216607615404,2004-05-01
BA,2004-06-30,0.115502083495862,2004-06-01
BA,2004-07-30,-0.006654942929295138,2004-07-01
BA,2004-08-31,0.03313062661582822,2004-08-01
BA,2004-09-30,-0.011489837271042913,2004-09-01
BA,2004-10-29,-0.03332076076774537,2004-10-01
BA,2004-11-30,0.07768719060661011,2004-11-01
BA,2004-12-31,-0.033601794488357206,2004-12-01
BA,2005-01-31,-0.02259944455620133,2005-01-01
BA,2005-02-28,0.09146384083490311,2005-02-01
BA,2005-03-31,0.06348911109462163,2005-03-01
BA,2005-04-29,0.01813241009993427,2005-04-01
BA,2005-05-31,0.07800377282834536,2005-05-01
BA,2005-06-30,0.032863558847122665,2005-06-01
BA,2005-07-29,1.513353482460733e-4,2005-07-01
BA,2005-08-31,0.01909613848010605,2005-08-01
BA,2005-09-30,0.013876466723380831,2005-09-01
BA,2005-10-31,-0.04871239704597763,2005-10-01
BA,2005-11-30,0.0589498757999527,2005-11-01
BA,2005-12-30,0.030062889066542198,2005-12-01
BA,2006-01-31,-0.027476952426982115,2006-01-01
BA,2006-02-28,0.06859957957154728,2006-02-01
BA,2006-03-31,0.0720871722950629,2006-03-01
BA,2006-04-28,0.07083300164021966,2006-04-01
BA,2006-05-31,0.0010162011924816916,2006-05-01
BA,2006-06-30,-0.016096228156741832,2006-06-01
BA,2006-07-31,-0.05481605958377489,2006-07-01
BA,2006-08-31,-0.02882176534214731,2006-08-01
BA,2006-09-29,0.05273682325976026,2006-09-01
BA,2006-10-31,0.012809288998117951,2006-10-01
BA,2006-11-30,0.11249853408129096,2006-11-01
BA,2006-12-29,0.003501468196940971,2006-12-01
BA,2007-01-31,0.008104231057559197,2007-01-01
BA,2007-02-28,-0.02191826205555425,2007-02-01
BA,2007-03-30,0.018909442361161544,2007-03-01
BA,2007-04-30,0.04600149993828162,2007-04-01
BA,2007-05-31,0.08564556917054578,2007-05-01
BA,2007-06-29,-0.044039887249517906,2007-06-01
BA,2007-07-31,0.07560334289460457,2007-07-01
BA,2007-08-31,-0.06188747692768315,2007-08-01
BA,2007-09-28,0.08572935293776363,2007-09-01
BA,2007-10-31,-0.060958320334715044,2007-10-01
BA,2007-11-30,-0.05799058682999725,2007-11-01
BA,2007-12-31,-0.05489511362718513,2007-12-01
BA,2008-01-31,-0.04893664151476551,2008-01-01
BA,2008-02-29,2.0875522936236734e-4,2008-02-01
BA,2008-03-31,-0.10170307713309756,2008-03-01
BA,2008-04-30,0.14105163086534334,2008-04-01
BA,2008-05-30,-0.020079325322754693,2008-05-01
BA,2008-06-30,-0.20599215756427924,2008-06-01
BA,2008-07-31,-0.0701462106663654,2008-07-01
BA,2008-08-29,0.07944205019732675,2008-08-01
BA,2008-09-30,-0.12522862764327636,2008-09-01
BA,2008-10-31,-0.08596356645995762,2008-10-01
BA,2008-11-28,-0.1806484853514425,2008-11-01
BA,2008-12-31,9.382879710169156e-4,2008-12-01
BA,2009-01-30,-0.008437212050841025,2009-01-01
BA,2009-02-27,-0.24942334831264434,2009-02-01
BA,2009-03-31,0.1316797505573064,2009-03-01
BA,2009-04-30,0.12563187475452198,2009-04-01
BA,2009-05-29,0.13085759163185662,2009-05-01
BA,2009-06-30,-0.052396571744293796,2009-06-01
BA,2009-07-31,0.009646612329413884,2009-07-01
BA,2009-08-31,0.1686535399328295,2009-08-01
BA,2009-09-30,0.09019617980812544,2009-09-01
BA,2009-10-30,-0.11726695904555395,2009-10-01
BA,2009-11-30,0.10610175904174857,2009-11-01
BA,2009-12-31,0.032818017100448627,2009-12-01
BA,2010-01-29,0.11952684501999356,2010-01-01
BA,2010-02-26,0.04935969700066356,2010-02-01
BA,2010-03-31,0.14961989000089604,2010-03-01
BA,2010-04-30,-0.002478860412596484,2010-04-01
BA,2010-05-28,-0.10876062677185594,2010-05-01
BA,2010-06-30,-0.022280891473676956,2010-06-01
BA,2010-07-30,0.08589599122560831,2010-07-01
BA,2010-08-31,-0.09742496066467865,2010-08-01
BA,2010-09-30,0.08849994218777657,2010-09-01
BA,2010-10-29,0.061616871407775387,2010-10-01
BA,2010-11-30,-0.09178726841179541,2010-11-01
BA,2010-12-31,0.023365312276836026,2010-12-01
BA,2011-01-31,0.06466442559343388,2011-01-01
BA,2011-02-28,0.042434942539860465,2011-02-01
BA,2011-03-31,0.026662709279488217,2011-03-01
BA,2011-04-29,0.07912924374848451,2011-04-01
BA,2011-05-31,-0.01677034374794284,2011-05-01
BA,2011-06-30,-0.05254395971196124,2011-06-01
BA,2011-07-29,-0.046800784617550106,2011-07-01
BA,2011-08-31,-0.044792102284430646,2011-08-01
BA,2011-09-30,-0.0949746594832982,2011-09-01
BA,2011-10-31,0.0872586625310019,2011-10-01
BA,2011-11-30,0.0507366767035331,2011-11-01
BA,2011-12-30,0.06784120291305218,2011-12-01
BA,2012-01-31,0.011315599569280632,2012-01-01
BA,2012-02-29,0.016326713765719925,2012-02-01
BA,2012-03-30,-0.007738614228735785,2012-03-01
BA,2012-04-30,0.03267477255738149,2012-04-01
BA,2012-05-31,-0.08829989090360035,2012-05-01
BA,2012-06-29,0.0673756400638148,2012-06-01
BA,2012-07-31,-0.00524900104518633,2012-07-01
BA,2012-08-31,-0.028166829502331292,2012-08-01
BA,2012-09-28,-0.02521050881345288,2012-09-01
BA,2012-10-31,0.012068985486340722,2012-10-01
BA,2012-11-30,0.06099689511044426,2012-11-01
BA,2012-12-31,0.014539405223142454,2012-12-01
BA,2013-01-31,-0.019771574408964265,2013-01-01
BA,2013-02-28,0.0477048758654699,2013-02-01
BA,2013-03-28,0.1163851100577622,2013-03-01
BA,2013-04-30,0.06476376635590331,2013-04-01
BA,2013-05-31,0.0888224356852978,2013-05-01
BA,2013-06-28,0.03453869408612498,2013-06-01
BA,2013-07-31,0.025966040171625737,2013-07-01
BA,2013-08-30,-0.006726972732108649,2013-08-01
BA,2013-09-30,0.13067780144989216,2013-09-01
BA,2013-10-31,0.11063825017630613,2013-10-01
BA,2013-11-29,0.03248445144523027,2013-11-01
BA,2013-12-31,0.01668524927469317,2013-12-01
BA,2014-01-31,-0.08227691881875865,2014-01-01
BA,2014-02-28,0.03502428687784542,2014-02-01
BA,2014-03-31,-0.02660572921479265,2014-03-01
BA,2014-04-30,0.028129780633491253,2014-04-01
BA,2014-05-30,0.054168924754404824,2014-05-01
BA,2014-06-30,-0.05929751911043668,2014-06-01
BA,2014-07-31,-0.053053509816207156,2014-07-01
BA,2014-08-29,0.0588306534657701,2014-08-01
BA,2014-09-30,0.004574087886230149,2014-09-01
BA,2014-10-31,-0.019390758211198844,2014-10-01
BA,2014-11-28,0.08193098650483588,2014-11-01
BA,2014-12-31,-0.03259925216378956,2014-12-01
BA,2015-01-30,0.11840309429405305,2015-01-01
BA,2015-02-27,0.0441150703317994,2015-02-01
BA,2015-03-31,-0.005104543135343476,2015-03-01
BA,2015-04-30,-0.04490945428569881,2015-04-01
BA,2015-05-29,-0.013391015150549301,2015-05-01
BA,2015-06-30,-0.012809489351611969,2015-06-01
BA,2015-07-31,0.039287707855424125,2015-07-01
BA,2015-08-31,-0.08778701873952166,2015-08-01
BA,2015-09-30,0.0020660235413498818,2015-09-01
BA,2015-10-30,0.13073702208790894,2015-10-01
BA,2015-11-30,-0.011620914895149603,2015-11-01
BA,2015-12-31,-0.005912638560285455,2015-12-01
BA,2016-01-29,-0.16916804145789843,2016-01-01
BA,2016-02-29,-0.007128971283849372,2016-02-01
BA,2016-03-31,0.07412445503332177,2016-03-01
BA,2016-04-29,0.06191907621921855,2016-04-01
BA,2016-05-31,-0.05653580945179881,2016-05-01
BA,2016-06-30,0.029488603082063802,2016-06-01
BA,2016-07-29,0.029183167953507283,2016-07-01
BA,2016-08-31,-0.023471895365309026,2016-08-01
BA,2016-09-30,0.017690433397650418,2016-09-01
BA,2016-10-31,0.0811444936624206,2016-10-01
BA,2016-11-30,0.06519808287439366,2016-11-01
BA,2016-12-30,0.0340064228937389,2016-12-01
BA,2017-01-31,0.04971757456753467,2017-01-01
BA,2017-02-28,0.11235039057444873,2017-02-01
BA,2017-03-31,-0.018698258066852547,2017-03-01
BA,2017-04-28,0.045063815001724405,2017-04-01
BA,2017-05-31,0.022920594192373578,2017-05-01
BA,2017-06-30,0.05393583867061724,2017-06-01
BA,2017-07-31,0.22609348270957197,2017-07-01
BA,2017-08-31,-0.005652707146210356,2017-08-01
BA,2017-09-29,0.06071092227015118,2017-09-01
BA,2017-10-31,0.014830408390946292,2017-10-01
BA,2017-11-30,0.07871919754789669,2017-11-01
BA,2017-12-29,0.06542640469449901,2017-12-01
BA,2018-01-31,0.20162078704117437,2018-01-01
BA,2018-02-28,0.02716925037162876,2018-02-01
BA,2018-03-29,-0.0947791944071551,2018-03-01
BA,2018-04-30,0.017323337873896838,2018-04-01
BA,2018-05-31,0.06102866717871702,2018-05-01
BA,2018-06-29,-0.047279574009969405,2018-06-01
BA,2018-07-31,0.06196530188051952,2018-07-01
BA,2018-08-31,-0.033163568601207394,2018-08-01
BA,2018-09-28,0.08492067297979089,2018-09-01
BA,2018-10-31,-0.04581883510699947,2018-10-01
BA,2018-11-30,-0.018313321485437406,2018-11-01
BA,2018-12-31,-0.06996201623869647,2018-12-01
BA,2019-01-31,0.19572090827349942,2019-01-01
BA,2019-02-28,0.14664763371842016,2019-02-01
BA,2019-03-29,-0.1330574462625016,2019-03-01
BA,2019-04-30,-0.009779413451486363,2019-04-01
BA,2019-05-31,-0.09033179450808504,2019-05-01
BA,2019-06-28,0.06557196183801328,2019-06-01
BA,2019-07-31,-0.06271821645159992,2019-07-01
BA,2019-08-30,0.07380848930679118,2019-08-01
BA,2019-09-30,0.04498882931207504,2019-09-01
BA,2019-10-31,-0.10660493981461494,2019-10-01
BA,2019-11-29,0.08357199951708072,2019-11-01
BA,2019-12-31,-0.11038279787974836,2019-12-01
BA,2020-01-31,-0.02299250709380596,2020-01-01
BA,2020-02-28,-0.13046526280293547,2020-02-01
BA,2020-03-31,-0.4578895447976462,2020-03-01
BA,2020-04-30,-0.05444545494447073,2020-04-01
BA,2020-05-29,0.03425047287420857,2020-05-01
BA,2020-06-30,0.2567706231130522,2020-06-01
BA,2020-07-31,-0.1380251098229056,2020-07-01
BA,2020-08-31,0.08746840078619456,2020-08-01
BA,2020-09-30,-0.03817956313436932,2020-09-01
BA,2020-10-30,-0.12628582724734516,2020-10-01
BA,2020-11-30,0.45931163934178487,2020-11-01
BA,2020-12-31,0.015898584490463552,2020-12-01
BA,2021-01-29,-0.09282441999350466,2021-01-01
BA,2021-02-26,0.09176575437145162,2021-02-01
BA,2021-03-31,0.20145279854950449,2021-03-01
BA,2021-04-30,-0.08012721248546573,2021-04-01
BA,2021-05-28,0.05424440632623373,2021-05-01
BA,2021-06-30,-0.030200010464087157,2021-06-01
BA,2021-07-30,-0.0546001083835187,2021-07-01
BA,2021-08-31,-0.030819480127225796,2021-08-01
BA,2021-09-30,0.0020045669312358516,2021-09-01
BA,2021-10-29,-0.05869784267893108,2021-10-01
BA,2021-11-30,-0.04434136468100702,2021-11-01
BA,2021-12-31,0.017538544926238853,2021-12-01
BA,2022-01-31,-0.005364602581776068,2022-01-01
BA,2022-02-28,0.025469390255788094,2022-02-01
BA,2022-03-31,-0.0674003924453016,2022-03-01
BA,2022-04-29,-0.2227676431441743,2022-04-01
BA,2022-05-31,-0.11717282229579373,2022-05-01
BA,2022-06-30,0.04048712002536159,2022-06-01
BA,2022-07-29,0.16522817536714518,2022-07-01
BA,2022-08-31,0.005900461087261721,2022-08-01
BA,2022-09-30,-0.24443056579685063,2022-09-01
BA,2022-10-31,0.1769903563900086,2022-10-01
BA,2022-11-30,0.25521024333652575,2022-11-01
BA,2022-12-30,0.06490384779426561,2022-12-01
BA,2023-01-31,0.11816890050771578,2023-01-01
BA,2023-02-28,-0.0537558542170995,2023-02-01
BA,2023-03-31,0.053981589974124056,2023-03-01
BA,2023-04-28,-0.0265969688428489,2023-04-01
BA,2023-05-31,-0.005222951143390886,2023-05-01
BA,2023-06-30,0.026543542998889835,2023-06-01
BA,2023-07-31,0.1311327995888596,2023-07-01
BA,2023-08-31,-0.06204733910618321,2023-08-01
BA,2023-09-29,-0.1444003315617799,2023-09-01
BA,2023-10-31,-0.025354682477388035,2023-10-01
BA,2023-11-30,0.2398565239365813,2023-11-01
BA,2023-12-29,0.1253291808804471,2023-12-01
BA,2024-01-31,-0.19036296201506397,2024-01-01
BA,2024-02-29,-0.03468533120878692,2024-02-01
BA,2024-03-28,-0.052670310540174015,2024-03-01
BA,2024-04-30,-0.1303176767677966,2024-04-01
BA,2024-05-31,0.05821022691630806,2024-05-01
BA,2024-06-28,0.02477334542741927,2024-06-01
BA,2024-07-31,0.047195274193347014,2024-07-01
BA,2024-08-30,-0.0884575029929161,2024-08-01
BA,2024-09-30,-0.12489934108978173,2024-09-01
BA,2024-10-31,-0.017955773796972774,2024-10-01
BA,2024-11-29,0.04105555544200512,2024-11-01
BA,2024-12-30,0.1358080306149574,2024-12-01
MCD,2000-01-31,-0.056782423019004935,2000-01-01
MCD,2000-02-29,-0.15050162734308747,2000-02-01
MCD,2000-03-31,0.17716529211512766,2000-03-01
MCD,2000-04-28,0.018394684714831522,2000-04-01
MCD,2000-05-31,-0.05911349245569719,2000-05-01
MCD,2000-06-30,-0.08027874220967923,2000-06-01
MCD,2000-07-31,-0.03795077490453236,2000-07-01
MCD,2000-08-31,-0.05670607695587382,2000-08-01
MCD,2000-09-29,0.009931974097704632,2000-09-01
MCD,2000-10-31,0.026914862693582675,2000-10-01
MCD,2000-11-30,0.03495576392177102,2000-11-01
MCD,2000-12-29,0.06666697106433794,2000-12-01
MCD,2001-01-31,-0.13676472287881736,2001-01-01
MCD,2001-02-28,0.0017037737096936567,2001-02-01
MCD,2001-03-30,-0.09693915373152484,2001-03-01
MCD,2001-04-30,0.03578217850140675,2001-04-01
MCD,2001-05-31,0.10109012798592754,2001-05-01
MCD,2001-06-29,-0.10634067532813973,2001-06-01
MCD,2001-07-31,0.07686620010193446,2001-07-01
MCD,2001-08-31,0.03054232425680392,2001-08-01
MCD,2001-09-28,-0.09623712423796515,2001-09-01
MCD,2001-10-31,-0.03942533642074286,2001-10-01
MCD,2001-11-30,0.03826583376994441,2001-11-01
MCD,2001-12-31,-0.013785469155999097,2001-12-01
MCD,2002-01-31,0.026823183910601234,2002-01-01
MCD,2002-02-28,-0.03973531647089423,2002-02-01
MCD,2002-03-28,0.0632187351981528,2002-03-01
MCD,2002-04-30,0.02342299777161272,2002-04-01
MCD,2002-05-31,0.05422542806773678,2002-05-01
MCD,2002-06-28,-0.049766199849646364,2002-06-01
MCD,2002-07-31,-0.1300525321820487,2002-07-01
MCD,2002-08-30,-0.040000486885505615,2002-08-01
MCD,2002-09-30,-0.25673368507933725,2002-09-01
MCD,2002-10-31,0.02548111501559358,2002-10-01
MCD,2002-11-29,0.035777876658286356,2002-11-01
MCD,2002-12-31,-0.13081102560830316,2002-12-01
MCD,2003-01-31,-0.11442775225475121,2003-01-01
MCD,2003-02-28,-0.0442414720461779,2003-02-01
MCD,2003-03-31,0.06245388722521228,2003-03-01
MCD,2003-04-30,0.18257235730784416,2003-04-01
MCD,2003-05-30,0.09532216762463319,2003-05-01
MCD,2003-06-30,0.17778951422962996,2003-06-01
MCD,2003-07-31,0.043064362698032266,2003-07-01
MCD,2003-08-29,-0.025641089083647706,2003-08-01
MCD,2003-09-30,0.049955291136122515,2003-09-01
MCD,2003-10-31,0.0620226329885909,2003-10-01
MCD,2003-11-28,0.04115597688957151,2003-11-01
MCD,2003-12-31,-0.03121338211446023,2003-12-01
MCD,2004-01-30,0.036649483212265466,2004-01-01
MCD,2004-02-27,0.09945538516259256,2004-02-01
MCD,2004-03-31,0.009541078382601986,2004-03-01
MCD,2004-04-30,-0.046902316636243224,2004-04-01
MCD,2004-05-28,-0.03048127550941626,2004-05-01
MCD,2004-06-30,-0.015151198437161284,2004-06-01
MCD,2004-07-30,0.05769211073513025,2004-07-01
MCD,2004-08-31,-0.01745435661028938,2004-08-01
MCD,2004-09-30,0.03737966912766577,2004-09-01
MCD,2004-10-29,0.039957042320114766,2004-10-01
MCD,2004-11-30,0.07412037915426795,2004-11-01
MCD,2004-12-31,0.0429407107547608,2004-12-01
MCD,2005-01-31,0.010293020229066308,2005-01-01
MCD,2005-02-28,0.021302821089693058,2005-02-01
MCD,2005-03-31,-0.05864552693790959,2005-03-01
MCD,2005-04-29,-0.05876704877605843,2005-04-01
MCD,2005-05-31,0.05561275051745396,2005-05-01
MCD,2005-06-30,-0.10310285848464207,2005-06-01
MCD,2005-07-29,0.12324369231638865,2005-07-01
MCD,2005-08-31,0.0410647236301358,2005-08-01
MCD,2005-09-30,0.03204895806169161,2005-09-01
MCD,2005-10-31,-0.056434404886752,2005-10-01
MCD,2005-11-30,0.09317764174642607,2005-11-01
MCD,2005-12-30,-0.0038406781277916524,2005-12-01
MCD,2006-01-31,0.03825606767437706,2006-01-01
MCD,2006-02-28,-0.002855954761476265,2006-02-01
MCD,2006-03-31,-0.015754912807218857,2006-03-01
MCD,2006-04-28,0.006111715688087438,2006-04-01
MCD,2006-05-31,-0.04049762101328247,2006-05-01
MCD,2006-06-30,0.012963772166048493,2006-06-01
MCD,2006-07-31,0.05327310101152971,2006-07-01
MCD,2006-08-31,0.01441142574125398,2006-08-01
MCD,2006-09-29,0.08969347368602909,2006-09-01
MCD,2006-10-31,0.0715747006271672,2006-10-01
MCD,2006-11-30,0.025629782753013197,2006-11-01
MCD,2006-12-29,0.05623087185644193,2006-12-01
MCD,2007-01-31,4.5085023570168303e-4,2007-01-01
MCD,2007-02-28,-0.014881369053011295,2007-02-01
MCD,2007-03-30,0.03112860394251471,2007-03-01
MCD,2007-04-30,0.07169833921791757,2007-04-01
MCD,2007-05-31,0.047017019006360794,2007-05-01
MCD,2007-06-29,0.004154428645801955,2007-06-01
MCD,2007-07-31,-0.056934884304343236,2007-07-01
MCD,2007-08-31,0.028828385938263867,2007-08-01
MCD,2007-09-28,0.10598954632621838,2007-09-01
MCD,2007-10-31,0.09693435397897998,2007-10-01
MCD,2007-11-30,0.004311121983208599,2007-11-01
MCD,2007-12-31,0.007525512288328873,2007-12-01
MCD,2008-01-31,-0.09047672435281329,2008-01-01
MCD,2008-02-29,0.016782844697860844,2008-02-01
MCD,2008-03-31,0.030678233243554676,2008-03-01
MCD,2008-04-30,0.06831610963630963,2008-04-01
MCD,2008-05-30,-0.004363674457186328,2008-05-01
MCD,2008-06-30,-0.04608982602576861,2008-06-01
MCD,2008-07-31,0.06350112117805917,2008-07-01
MCD,2008-08-29,0.043264459735577576,2008-08-01
MCD,2008-09-30,-0.004838576984835585,2008-09-01
MCD,2008-10-31,-0.06110247550523906,2008-10-01
MCD,2008-11-28,0.023160369195332375,2008-11-01
MCD,2008-12-31,0.05855312011025404,2008-12-01
MCD,2009-01-30,-0.06705292553047526,2009-01-01
MCD,2009-02-27,-0.09107683447486314,2009-02-01
MCD,2009-03-31,0.044401273059365254,2009-03-01
MCD,2009-04-30,-0.023455697516364338,2009-04-01
MCD,2009-05-29,0.10696175403775898,2009-05-01
MCD,2009-06-30,-0.017372258707751276,2009-06-01
MCD,2009-07-31,-0.04226818404620336,2009-07-01
MCD,2009-08-31,0.030444829899654247,2009-08-01
MCD,2009-09-30,0.014758087347215287,2009-09-01
MCD,2009-10-30,0.026984175456513215,2009-10-01
MCD,2009-11-30,0.08845648602397893,2009-11-01
MCD,2009-12-31,-0.012806381192850824,2009-12-01
MCD,2010-01-29,-1.6034969539824306e-4,2010-01-01
MCD,2010-02-26,0.03143840253360364,2010-02-01
MCD,2010-03-31,0.0449487808704625,2010-03-01
MCD,2010-04-30,0.05800353323376428,2010-04-01
MCD,2010-05-28,-0.044739019356634935,2010-05-01
MCD,2010-06-30,-0.014954661221622145,2010-06-01
MCD,2010-07-30,0.05860051629943652,2010-07-01
MCD,2010-08-31,0.05560212342701831,2010-08-01
MCD,2010-09-30,0.019846836955601077,2010-09-01
MCD,2010-10-29,0.04375260889414756,2010-10-01
MCD,2010-11-30,0.01469606433621462,2010-11-01
MCD,2010-12-31,-0.01966852908758754,2010-12-01
MCD,2011-01-31,-0.04025541011638445,2011-01-01
MCD,2011-02-28,0.0356843018323183,2011-02-01
MCD,2011-03-31,0.00541752087153502,2011-03-01
MCD,2011-04-29,0.029175947749734865,2011-04-01
MCD,2011-05-31,0.04900919141118787,2011-05-01
MCD,2011-06-30,0.03409384747031696,2011-06-01
MCD,2011-07-29,0.02561655929333484,2011-07-01
MCD,2011-08-31,0.05251587497982113,2011-08-01
MCD,2011-09-30,-0.028647271864528423,2011-09-01
MCD,2011-10-31,0.05727588321023247,2011-10-01
MCD,2011-11-30,0.03649439693722334,2011-11-01
MCD,2011-12-30,0.05035644556649688,2011-12-01
MCD,2012-01-31,-0.012757959764312266,2012-01-01
MCD,2012-02-29,0.00936239455707688,2012-02-01
MCD,2012-03-30,-0.011885958199103541,2012-03-01
MCD,2012-04-30,-0.0066260531188725436,2012-04-01
MCD,2012-05-31,-0.07604406266042574,2012-05-01
MCD,2012-06-29,-0.009066885200472052,2012-06-01
MCD,2012-07-31,0.009375585962312805,2012-07-01
MCD,2012-08-31,0.009335550797309855,2012-08-01
MCD,2012-09-28,0.02525415420385424,2012-09-01
MCD,2012-10-31,-0.053951099911297984,2012-10-01
MCD,2012-11-30,0.011769526823603993,2012-11-01
MCD,2012-12-31,0.013442796721616856,2012-12-01
MCD,2013-01-31,0.08026224002050864,2013-01-01
MCD,2013-02-28,0.014520561377309171,2013-02-01
MCD,2013-03-28,0.03952024837020662,2013-03-01
MCD,2013-04-30,0.02457601852894631,2013-04-01
MCD,2013-05-31,-0.047125339486471796,2013-05-01
MCD,2013-06-28,0.025163077460983674,2013-06-01
MCD,2013-07-31,-0.009292938544269824,2013-07-01
MCD,2013-08-30,-0.0301555647269226,2013-08-01
MCD,2013-09-30,0.019605551318397918,2013-09-01
MCD,2013-10-31,0.0032221415694437816,2013-10-01
MCD,2013-11-29,0.01719653129492671,2013-11-01
MCD,2013-12-31,-0.003491555983665795,2013-12-01
MCD,2014-01-31,-0.02947543626088489,2014-01-01
MCD,2014-02-28,0.019014286539113856,2014-02-01
MCD,2014-03-31,0.030268164041318046,2014-03-01
MCD,2014-04-30,0.03417302101200992,2014-04-01
MCD,2014-05-30,0.008557824675210046,2014-05-01
MCD,2014-06-30,-0.006802667845345334,2014-06-01
MCD,2014-07-31,-0.061346178013598096,2014-07-01
MCD,2014-08-29,-3.283029630999357e-4,2014-08-01
MCD,2014-09-30,0.011630625830281405,2014-09-01
MCD,2014-10-31,-0.011391392255181487,2014-10-01
MCD,2014-11-28,0.04199132257191995,2014-11-01
MCD,2014-12-31,-0.032124597920292874,2014-12-01
MCD,2015-01-30,-0.013447419771401292,2015-01-01
MCD,2015-02-27,0.07918073993706809,2015-02-01
MCD,2015-03-31,-0.014762233362633048,2015-03-01
MCD,2015-04-30,-0.009133621911919243,2015-04-01
MCD,2015-05-29,0.0022131185988500945,2015-05-01
MCD,2015-06-30,-0.008965234867550853,2015-06-01
MCD,2015-07-31,0.05038386071089773,2015-07-01
MCD,2015-08-31,-0.040084457034282206,2015-08-01
MCD,2015-09-30,0.03693968889902144,2015-09-01
MCD,2015-10-30,0.1392461841475403,2015-10-01
MCD,2015-11-30,0.024990152465055537,2015-11-01
MCD,2015-12-31,0.034863306572151975,2015-12-01
MCD,2016-01-29,0.04774000745222318,2016-01-01
MCD,2016-02-29,-0.04606717026662466,2016-02-01
MCD,2016-03-31,0.07244633014550494,2016-03-01
MCD,2016-04-29,0.006444902909559014,2016-04-01
MCD,2016-05-31,-0.03502255671881882,2016-05-01
MCD,2016-06-30,-0.006844299686146971,2016-06-01
MCD,2016-07-29,-0.022353395666672493,2016-07-01
MCD,2016-08-31,-0.009274589254240961,2016-08-01
MCD,2016-09-30,-0.0025939009942448354,2016-09-01
MCD,2016-10-31,-0.024184989380103494,2016-10-01
MCD,2016-11-30,0.06775766598263755,2016-11-01
MCD,2016-12-30,0.020541554475072443,2016-12-01
MCD,2017-01-31,0.0069834593744710904,2017-01-01
MCD,2017-02-28,0.04911092786789273,2017-02-01
MCD,2017-03-31,0.015354612331617501,2017-03-01
MCD,2017-04-28,0.0796233586252193,2017-04-01
MCD,2017-05-31,0.078324890516557,2017-05-01
MCD,2017-06-30,0.021407571496690814,2017-06-01
MCD,2017-07-31,0.012927280458832957,2017-07-01
MCD,2017-08-31,0.037250902255367535,2017-08-01
MCD,2017-09-29,-0.020566568412782926,2017-09-01
MCD,2017-10-31,0.06529235546271961,2017-10-01
MCD,2017-11-30,0.036457638678430326,2017-11-01
MCD,2017-12-29,8.726165398762475e-4,2017-12-01
MCD,2018-01-31,-0.005693943192518702,2018-01-01
MCD,2018-02-28,-0.07246727611382509,2018-02-01
MCD,2018-03-29,-0.008621952616802875,2018-03-01
MCD,2018-04-30,0.07072551565942486,2018-04-01
MCD,2018-05-31,-0.044374222056468904,2018-05-01
MCD,2018-06-29,-0.014528307913029725,2018-06-01
MCD,2018-07-31,0.005424758007911423,2018-07-01
MCD,2018-08-31,0.03619890391413527,2018-08-01
MCD,2018-09-28,0.03119000671794203,2018-09-01
MCD,2018-10-31,0.057445160023081865,2018-10-01
MCD,2018-11-30,0.07220194466700303,2018-11-01
MCD,2018-12-31,-0.05803387527532955,2018-12-01
MCD,2019-01-31,0.006813989007267596,2019-01-01
MCD,2019-02-28,0.03484999858183491,2019-02-01
MCD,2019-03-29,0.032963270832576885,2019-03-01
MCD,2019-04-30,0.04038992171564626,2019-04-01
MCD,2019-05-31,0.009419599329361539,2019-05-01
MCD,2019-06-28,0.04735990435257609,2019-06-01
MCD,2019-07-31,0.01473556092511652,2019-07-01
MCD,2019-08-30,0.039875506778212166,2019-08-01
MCD,2019-09-30,-0.014956170717187911,2019-09-01
MCD,2019-10-31,-0.08388069425439437,2019-10-01
MCD,2019-11-29,-0.004949746202271066,2019-11-01
MCD,2019-12-31,0.01609431685663898,2019-12-01
MCD,2020-01-31,0.08278909137123103,2020-01-01
MCD,2020-02-28,-0.08685755415251872,2020-02-01
MCD,2020-03-31,-0.14842669481950554,2020-03-01
MCD,2020-04-30,0.13432113795023115,2020-04-01
MCD,2020-05-29,1.2122705647765741e-5,2020-05-01
MCD,2020-06-30,-0.009929133226635911,2020-06-01
MCD,2020-07-31,0.05317951897204387,2020-07-01
MCD,2020-08-31,0.10546184465380093,2020-08-01
MCD,2020-09-30,0.027960031721169232,2020-09-01
MCD,2020-10-30,-0.029568579902017,2020-10-01
MCD,2020-11-30,0.026912685279109283,2020-11-01
MCD,2020-12-31,-0.013153173240339155,2020-12-01
MCD,2021-01-29,-0.03141031653160953,2021-01-01
MCD,2021-02-26,-0.0020766597839045886,2021-02-01
MCD,2021-03-31,0.08731914806313346,2021-03-01
MCD,2021-04-30,0.05327036942320906,2021-04-01
MCD,2021-05-28,-0.0038049113634943676,2021-05-01
MCD,2021-06-30,-0.012398895173640456,2021-06-01
MCD,2021-07-30,0.05073829686394249,2021-07-01
MCD,2021-08-31,-0.016267170108702045,2021-08-01
MCD,2021-09-30,0.015371060220947141,2021-09-01
MCD,2021-10-29,0.018414746871444843,2021-10-01
MCD,2021-11-30,0.0016536357470178231,2021-11-01
MCD,2021-12-31,0.09595257993666828,2021-12-01
MCD,2022-01-31,-0.03215565210035831,2022-01-01
MCD,2022-02-28,-0.05133325859569382,2022-02-01
MCD,2022-03-31,0.010254559535012087,2022-03-01
MCD,2022-04-29,0.007602842598106507,2022-04-01
MCD,2022-05-31,0.012241153354556777,2022-05-01
MCD,2022-06-30,-0.01570823561553436,2022-06-01
MCD,2022-07-29,0.06679375614215144,2022-07-01
MCD,2022-08-31,-0.03686484386563982,2022-08-01
MCD,2022-09-30,-0.08538130203594052,2022-09-01
MCD,2022-10-31,0.18167625517747976,2022-10-01
MCD,2022-11-30,0.0061113483800083745,2022-11-01
MCD,2022-12-30,-0.033945308180274414,2022-12-01
MCD,2023-01-31,0.01468496696358601,2023-01-01
MCD,2023-02-28,-0.007352869184284572,2023-02-01
MCD,2023-03-31,0.05948949233451928,2023-03-01
MCD,2023-04-28,0.057723422677776304,2023-04-01
MCD,2023-05-31,-0.035976370955281944,2023-05-01
MCD,2023-06-30,0.05220466746514818,2023-06-01
MCD,2023-07-31,-0.01745924350831407,2023-07-01
MCD,2023-08-31,-0.035942733007158334,2023-08-01
MCD,2023-09-29,-0.06299129028768524,2023-09-01
MCD,2023-10-31,-0.004820849453114229,2023-10-01
MCD,2023-11-30,0.08146887731682528,2023-11-01
MCD,2023-12-29,0.052050816134088906,2023-12-01
MCD,2024-01-31,-0.012781851264870858,2024-01-01
MCD,2024-02-29,0.004177812737103492,2024-02-01
MCD,2024-03-28,-0.03534269580144611,2024-03-01
MCD,2024-04-30,-0.03160137301160826,2024-04-01
MCD,2024-05-31,-0.05182413117226048,2024-05-01
MCD,2024-06-28,-0.009252679603821146,2024-06-01
MCD,2024-07-31,0.04143766185845865,2024-07-01
MCD,2024-08-30,0.08764136170988701,2024-08-01
MCD,2024-09-30,0.06104750774904377,2024-09-01
MCD,2024-10-31,-0.04072141008330965,2024-10-01
MCD,2024-11-29,0.013351240261682218,2024-11-01
MCD,2024-12-30,-0.015769494109408644,2024-12-01
NKE,2000-01-31,-0.05454566948422879,2000-01-01
NKE,2000-02-29,-0.3749997684508761,2000-02-01
NKE,2000-03-31,0.3959451502933866,2000-03-01
NKE,2000-04-28,0.09621432968000065,2000-04-01
NKE,2000-05-31,-0.012949816465179897,2000-05-01
NKE,2000-06-30,-0.0699979525357437,2000-06-01
NKE,2000-07-31,0.09890104818186884,2000-07-01
NKE,2000-08-31,-0.09535683406704376,2000-08-01
NKE,2000-09-29,0.01381286888549127,2000-09-01
NKE,2000-10-31,-0.003119375567492977,2000-10-01
NKE,2000-11-30,0.06729234959229546,2000-11-01
NKE,2000-12-29,0.311129945802574,2000-12-01
NKE,2001-01-31,-0.014378690660196258,2001-01-01
NKE,2001-02-28,-0.2904927865193816,2001-02-01
NKE,2001-03-30,0.03552174059124247,2001-03-01
NKE,2001-04-30,0.036183157282833056,2001-04-01
NKE,2001-05-31,-0.016981537624793486,2001-05-01
NKE,2001-06-29,0.023120951773422993,2001-06-01
NKE,2001-07-31,0.13241255913927175,2001-07-01
NKE,2001-08-31,0.05152478134622762,2001-08-01
NKE,2001-09-28,-0.06264442505584944,2001-09-01
NKE,2001-10-31,0.05447567091580563,2001-10-01
NKE,2001-11-30,0.07354136940288725,2001-11-01
NKE,2001-12-31,0.06250212101589603,2001-12-01
NKE,2002-01-31,0.06525616804222878,2002-01-01
NKE,2002-02-28,-0.017526697559069104,2002-02-01
NKE,2002-03-28,0.020546727384667562,2002-03-01
NKE,2002-04-30,-0.1113143413861235,2002-04-01
NKE,2002-05-31,0.007874365951340723,2002-05-01
NKE,2002-06-28,-6.703442861931697e-4,2002-06-01
NKE,2002-07-31,-0.08126755362792815,2002-07-01
NKE,2002-08-30,-0.12396006304813756,2002-08-01
NKE,2002-09-30,0.0013973143314145453,2002-09-01
NKE,2002-10-31,0.0928668076549386,2002-10-01
NKE,2002-11-29,-0.051070066449079965,2002-11-01
NKE,2002-12-31,-0.00530915809786503,2002-12-01
NKE,2003-01-31,0.0015739351768861987,2003-01-01
NKE,2003-02-28,0.04108698685893719,2003-02-01
NKE,2003-03-31,0.11052067360960693,2003-03-01
NKE,2003-04-30,0.04103484285720316,2003-04-01
NKE,2003-05-30,0.0459554349463398,2003-05-01
NKE,2003-06-30,-0.043452917668909574,2003-06-01
NKE,2003-07-31,-0.03271635722254329,2003-07-01
NKE,2003-08-29,0.10127547177120277,2003-08-01
NKE,2003-09-30,0.0687425060237381,2003-09-01
NKE,2003-10-31,0.05064123618433514,2003-10-01
NKE,2003-11-28,0.052425476903332324,2003-11-01
NKE,2003-12-31,0.019584243246821842,2003-12-01
NKE,2004-01-30,0.01752873595650395,2004-01-01
NKE,2004-02-27,0.05153590055850721,2004-02-01
NKE,2004-03-31,0.06446062912280093,2004-03-01
NKE,2004-04-30,-0.07602445616880216,2004-04-01
NKE,2004-05-28,-0.011118404819500771,2004-05-01
NKE,2004-06-30,0.06616452197741607,2004-06-01
NKE,2004-07-30,-0.0401322412691093,2004-07-01
NKE,2004-08-31,0.03575831669845275,2004-08-01
NKE,2004-09-30,0.04769593585098941,2004-09-01
NKE,2004-10-29,0.031852920811401786,2004-10-01
NKE,2004-11-30,0.04120083906544347,2004-11-01
NKE,2004-12-31,0.07277263482967666,2004-12-01
NKE,2005-01-31,-0.04476811139176318,2005-01-01
NKE,2005-02-28,0.0036942816635776587,2005-02-01
NKE,2005-03-31,-0.04047326752134117,2005-03-01
NKE,2005-04-29,-0.07802143752770874,2005-04-01
NKE,2005-05-31,0.07017275236607512,2005-05-01
NKE,2005-06-30,0.05508113462892994,2005-06-01
NKE,2005-07-29,-0.032333113988883055,2005-07-01
NKE,2005-08-31,-0.058352539930938585,2005-08-01
NKE,2005-09-30,0.036784286161960056,2005-09-01
NKE,2005-10-31,0.029015621423573945,2005-10-01
NKE,2005-11-30,0.01487252459823285,2005-11-01
NKE,2005-12-30,0.019289703797825464,2005-12-01
NKE,2006-01-31,-0.0672885865414733,2006-01-01
NKE,2006-02-28,0.0720196025199682,2006-02-01
NKE,2006-03-31,-0.01756845748348468,2006-03-01
NKE,2006-04-28,-0.03830732596775932,2006-04-01
NKE,2006-05-31,-0.018694790157895658,2006-05-01
NKE,2006-06-30,0.010531721233562497,2006-06-01
NKE,2006-07-31,-0.02469135029471836,2006-07-01
NKE,2006-08-31,0.02227860225732714,2006-08-01
NKE,2006-09-29,0.0870240004621996,2006-09-01
NKE,2006-10-31,0.04861909719786994,2006-10-01
NKE,2006-11-30,0.0769478771536598,2006-11-01
NKE,2006-12-29,0.002697272933572581,2006-12-01
NKE,2007-01-31,-0.0022210524178369884,2007-01-01
NKE,2007-02-28,0.0572812388595354,2007-02-01
NKE,2007-03-30,0.018936480121377386,2007-03-01
NKE,2007-04-30,0.013740161206373669,2007-04-01
NKE,2007-05-31,0.05365789846273006,2007-05-01
NKE,2007-06-29,0.03055825008676072,2007-06-01
NKE,2007-07-31,-0.03156631694739842,2007-07-01
NKE,2007-08-31,-0.0019487947392425875,2007-08-01
NKE,2007-09-28,0.04466274623971711,2007-09-01
NKE,2007-10-31,0.12956054372813974,2007-10-01
NKE,2007-11-30,-0.009206161908773547,2007-11-01
NKE,2007-12-31,-0.01805242068631374,2007-12-01
NKE,2008-01-31,-0.04529931514477181,2008-01-01
NKE,2008-02-29,-0.018424752413751744,2008-02-01
NKE,2008-03-31,0.13385706684464838,2008-03-01
NKE,2008-04-30,-0.017647658148749468,2008-04-01
NKE,2008-05-30,0.02350346468263309,2008-05-01
NKE,2008-06-30,-0.12516478584205726,2008-06-01
NKE,2008-07-31,-0.015601649620872626,2008-07-01
NKE,2008-08-29,0.03289031212806459,2008-08-01
NKE,2008-09-30,0.10789432815231614,2008-09-01
NKE,2008-10-31,-0.13856506568533888,2008-10-01
NKE,2008-11-28,-0.07600222931852052,2008-11-01
NKE,2008-12-31,-0.037627864545585865,2008-12-01
NKE,2009-01-30,-0.11274429877967695,2009-01-01
NKE,2009-02-27,-0.08221041706580756,2009-02-01
NKE,2009-03-31,0.1357358080891875,2009-03-01
NKE,2009-04-30,0.11900267115234664,2009-04-01
NKE,2009-05-29,0.08728803766518389,2009-05-01
NKE,2009-06-30,-0.08845785531666217,2009-06-01
NKE,2009-07-31,0.09385886727907544,2009-07-01
NKE,2009-08-31,-0.0220688579493985,2009-08-01
NKE,2009-09-30,0.1735839379100681,2009-09-01
NKE,2009-10-30,-0.038949065156430596,2009-10-01
NKE,2009-11-30,0.043582930632704464,2009-11-01
NKE,2009-12-31,0.022409328937884165,2009-12-01
NKE,2010-01-29,-0.03511463674377813,2010-01-01
NKE,2010-02-26,0.06039223742430644,2010-02-01
NKE,2010-03-31,0.09163541108361417,2010-03-01
NKE,2010-04-30,0.032789006191309644,2010-04-01
NKE,2010-05-28,-0.04650181110318996,2010-05-01
NKE,2010-06-30,-0.06326689508133454,2010-06-01
NKE,2010-07-30,0.09015515729544443,2010-07-01
NKE,2010-08-31,-0.049428973932143294,2010-08-01
NKE,2010-09-30,0.1491580029401096,2010-09-01
NKE,2010-10-29,0.016221776124832887,2010-10-01
NKE,2010-11-30,0.057588806679018,2010-11-01
NKE,2010-12-31,-0.004722812859785708,2010-12-01
NKE,2011-01-31,-0.03441838645712769,2011-01-01
NKE,2011-02-28,0.07941290196177353,2011-02-01
NKE,2011-03-31,-0.1467298763901823,2011-03-01
NKE,2011-04-29,0.08745033788807222,2011-04-01
NKE,2011-05-31,0.0258743393902523,2011-05-01
NKE,2011-06-30,0.06951875314512312,2011-06-01
NKE,2011-07-29,0.001889064149675379,2011-07-01
NKE,2011-08-31,-0.03882389766167582,2011-08-01
NKE,2011-09-30,-0.00961337208258195,2011-09-01
NKE,2011-10-31,0.12676916178670994,2011-10-01
NKE,2011-11-30,-0.0017646878098237506,2011-11-01
NKE,2011-12-30,0.005740073584874716,2011-12-01
NKE,2012-01-31,0.07907020574228696,2012-01-01
NKE,2012-02-29,0.03779194815404474,2012-02-01
NKE,2012-03-30,0.008181304374417442,2012-03-01
NKE,2012-04-30,0.03163084236878699,2012-04-01
NKE,2012-05-31,-0.029768860520752338,2012-05-01
NKE,2012-06-29,-0.1885745337615492,2012-06-01
NKE,2012-07-31,0.06345381466535382,2012-07-01
NKE,2012-08-31,0.046774958259149235,2012-08-01
NKE,2012-09-28,-0.025164094833994066,2012-09-01
NKE,2012-10-31,-0.03719306967328917,2012-10-01
NKE,2012-11-30,0.0667539472740899,2012-11-01
NKE,2012-12-31,0.06325066052850836,2012-12-01
NKE,2013-01-31,0.04748018864980996,2013-01-01
NKE,2013-02-28,0.011494849342357005,2013-02-01
NKE,2013-03-28,0.08354763050723202,2013-03-01
NKE,2013-04-30,0.07778313982586926,2013-04-01
NKE,2013-05-31,-0.02725700091776706,2013-05-01
NKE,2013-06-28,0.03276024123823773,2013-06-01
NKE,2013-07-31,-0.01193454709646291,2013-07-01
NKE,2013-08-30,0.0017302393131335414,2013-08-01
NKE,2013-09-30,0.1563193180171656,2013-09-01
NKE,2013-10-31,0.04295184899976645,2013-10-01
NKE,2013-11-29,0.04461501882869823,2013-11-01
NKE,2013-12-31,-0.003204605014752948,2013-12-01
NKE,2014-01-31,-0.0736268679655453,2014-01-01
NKE,2014-02-28,0.0781103998096071,2014-02-01
NKE,2014-03-31,-0.05670477368242721,2014-03-01
NKE,2014-04-30,-0.012320731759001613,2014-04-01
NKE,2014-05-30,0.057611983050686266,2014-05-01
NKE,2014-06-30,0.008321362483602046,2014-06-01
NKE,2014-07-31,-0.005415524558161189,2014-07-01
NKE,2014-08-29,0.0214855936960614,2014-08-01
NKE,2014-09-30,0.13558241556901152,2014-09-01
NKE,2014-10-31,0.042264366557658084,2014-10-01
NKE,2014-11-28,0.06797897138813336,2014-11-01
NKE,2014-12-31,-0.028840104722512305,2014-12-01
NKE,2015-01-30,-0.0405617183160234,2015-01-01
NKE,2015-02-27,0.05584479902233275,2015-02-01
NKE,2015-03-31,0.03305212922932399,2015-03-01
NKE,2015-04-30,-0.01485143648630538,2015-04-01
NKE,2015-05-29,0.03144053071826303,2015-05-01
NKE,2015-06-30,0.06245715494311588,2015-06-01
NKE,2015-07-31,0.06665430577157228,2015-07-01
NKE,2015-08-31,-0.03011647657431482,2015-08-01
NKE,2015-09-30,0.10319311239406148,2015-09-01
NKE,2015-10-30,0.06554447443184697,2015-10-01
NKE,2015-11-30,0.009539918348677512,2015-11-01
NKE,2015-12-31,-0.05274429476254494,2015-12-01
NKE,2016-01-29,-0.007840009679990878,2016-01-01
NKE,2016-02-29,-0.006773007057451541,2016-02-01
NKE,2016-03-31,6.247725268235804e-4,2016-03-01
NKE,2016-04-29,-0.041158207030632776,2016-04-01
NKE,2016-05-31,-0.06311493600781004,2016-05-01
NKE,2016-06-30,0.002558033039324892,2016-06-01
NKE,2016-07-29,0.005434583981462238,2016-07-01
NKE,2016-08-31,0.03855883628140577,2016-08-01
NKE,2016-09-30,-0.08402941191370095,2016-09-01
NKE,2016-10-31,-0.04691341017127315,2016-10-01
NKE,2016-11-30,-0.0021919601808993994,2016-11-01
NKE,2016-12-30,0.01884102143052191,2016-12-01
NKE,2017-01-31,0.04072393963641119,2017-01-01
NKE,2017-02-28,0.0805296032479692,2017-02-01
NKE,2017-03-31,-0.021979632804760008,2017-03-01
NKE,2017-04-28,-0.005741895810922215,2017-04-01
NKE,2017-05-31,-0.043674317520573824,2017-05-01
NKE,2017-06-30,0.11721238352188368,2017-06-01
NKE,2017-07-31,8.472167320308088e-4,2017-07-01
NKE,2017-08-31,-0.10259966709527868,2017-08-01
NKE,2017-09-29,-0.018178389572147458,2017-09-01
NKE,2017-10-31,0.060559392564332626,2017-10-01
NKE,2017-11-30,0.09874499547176363,2017-11-01
NKE,2017-12-29,0.03869155504175015,2017-12-01
NKE,2018-01-31,0.09064764397422831,2018-01-01
NKE,2018-02-28,-0.01744395856701353,2018-02-01
NKE,2018-03-29,-0.005803482555510109,2018-03-01
NKE,2018-04-30,0.029349735121151577,2018-04-01
NKE,2018-05-31,0.04986105070746416,2018-05-01
NKE,2018-06-29,0.1128498245531182,2018-06-01
NKE,2018-07-31,-0.03476431787451428,2018-07-01
NKE,2018-08-31,0.07141392697976601,2018-08-01
NKE,2018-09-28,0.030656962883700123,2018-09-01
NKE,2018-10-31,-0.11425882509713126,2018-10-01
NKE,2018-11-30,0.004037386272565557,2018-11-01
NKE,2018-12-31,-0.013045757456358276,2018-12-01
NKE,2019-01-31,0.10439690145089142,2019-01-01
NKE,2019-02-28,0.04702013046879938,2019-02-01
NKE,2019-03-29,-0.015202780124503601,2019-03-01
NKE,2019-04-30,0.04298766453301739,2019-04-01
NKE,2019-05-31,-0.11926730554884368,2019-05-01
NKE,2019-06-28,0.08828039292320522,2019-06-01
NKE,2019-07-31,0.02477705297738253,2019-07-01
NKE,2019-08-30,-0.015247387788143274,2019-08-01
NKE,2019-09-30,0.11147927351434639,2019-09-01
NKE,2019-10-31,-0.04652888259141963,2019-10-01
NKE,2019-11-29,0.04672162217341391,2019-11-01
NKE,2019-12-31,0.083645446823688685,2019-12-01
NKE,2020-01-31,-0.04945170418170253,2020-01-01
NKE,2020-02-28,-0.0692839691800512,2020-02-01
NKE,2020-03-31,-0.07428955443146124,2020-03-01
NKE,2020-04-30,0.05366204888761872,2020-04-01
NKE,2020-05-29,0.13358466285270132,2020-05-01
NKE,2020-06-30,-0.005376500217203373,2020-06-01
NKE,2020-07-31,-0.004487180757014819,2020-07-01
NKE,2020-08-31,0.1488356825936028,2020-08-01
NKE,2020-09-30,0.1219948649183129,2020-09-01
NKE,2020-10-30,-0.043492075807954,2020-10-01
NKE,2020-11-30,0.12175174968805313,2020-11-01
NKE,2020-12-31,0.05237325243531976,2020-12-01
NKE,2021-01-29,-0.055700838405618125,2021-01-01
NKE,2021-02-26,0.01095879028531943,2021-02-01
NKE,2021-03-31,-0.014022532289856282,2021-03-01
NKE,2021-04-30,-0.0020318349008787706,2021-04-01
NKE,2021-05-28,0.03103100759398325,2021-05-01
NKE,2021-06-30,0.13212669127823662,2021-06-01
NKE,2021-07-30,0.08427678547710582,2021-07-01
NKE,2021-08-31,-0.01491294805442589,2021-08-01
NKE,2021-09-30,-0.11842927639676493,2021-09-01
NKE,2021-10-29,0.15189700112062443,2021-10-01
NKE,2021-11-30,0.011656821029660813,2021-11-01
NKE,2021-12-31,-0.01341574940008572,2021-12-01
NKE,2022-01-31,-0.11159771343868075,2022-01-01
NKE,2022-02-28,-0.07780113066400185,2022-02-01
NKE,2022-03-31,-0.012324580622758319,2022-03-01
NKE,2022-04-29,-0.07327602238794284,2022-04-01
NKE,2022-05-31,-0.046912658844339705,2022-05-01
NKE,2022-06-30,-0.13796215160964898,2022-06-01
NKE,2022-07-29,0.1244620112543291,2022-07-01
NKE,2022-08-31,-0.07370342674759145,2022-08-01
NKE,2022-09-30,-0.21692101281481324,2022-09-01
NKE,2022-10-31,0.11501453632346914,2022-10-01
NKE,2022-11-30,0.18353435337527868,2022-11-01
NKE,2022-12-30,0.07000800296860454,2022-12-01
NKE,2023-01-31,0.08819758931628141,2023-01-01
NKE,2023-02-28,-0.06706997235431411,2023-02-01
NKE,2023-03-31,0.03535377444565513,2023-03-01
NKE,2023-04-28,0.03326841368926936,2023-04-01
NKE,2023-05-31,-0.1693497230866401,2023-05-01
NKE,2023-06-30,0.051997877200226084,2023-06-01
NKE,2023-07-31,1.810703346336595e-4,2023-07-01
NKE,2023-08-31,-0.07863037172251397,2023-08-01
NKE,2023-09-29,-0.05672265415387345,2023-09-01
NKE,2023-10-31,0.0747751910954817,2023-10-01
NKE,2023-11-30,0.07297820421614287,2023-11-01
NKE,2023-12-29,-0.01210182861559761,2023-12-01
NKE,2024-01-31,-0.06484278751292749,2024-01-01
NKE,2024-02-29,0.02363826503319988,2024-02-01
NKE,2024-03-28,-0.09250679673900863,2024-03-01
NKE,2024-04-30,-0.018301714570216454,2024-04-01
NKE,2024-05-31,0.030240603746685135,2024-05-01
NKE,2024-06-28,-0.20395034561314995,2024-06-01
NKE,2024-07-31,-0.006766392357138384,2024-07-01
NKE,2024-08-30,0.11301088528083114,2024-08-01
NKE,2024-09-30,0.06570239586671711,2024-09-01
NKE,2024-10-31,-0.12748893213070733,2024-10-01
NKE,2024-11-29,0.021262966815813744,2024-11-01
NKE,2024-12-30,-0.04746706925665223,2024-12-01
